"id","userId","date","inTime","outTime","status","isLate","createdAt","inTime1","outTime1","inBranch1","outBranch1","inTime2","outTime2","inBranch2","outBranch2","inTime3","outTime3","inBranch3","outBranch3","inTime4","outTime4","inTime5","outTime5","info","info1","info2","info3","info4","info5"
"416","58","2026-05-15T18:30:00.000Z","2026-05-16T03:08:56.065Z","2026-05-16T15:41:41.730Z","OUT","true","2026-05-16T03:08:56.070Z","2026-05-16T03:08:56.065Z","2026-05-16T08:01:36.350Z","JNR, MOBILE","JNR, MOBILE","","","","","2026-05-16T10:15:08.752Z","2026-05-16T15:41:41.730Z","JNR, MOBILE","JNR, MOBILE","","","","","","","","","",""
"335","42","2026-05-13T18:30:00.000Z","2026-05-14T02:30:00.000Z","2026-05-14T06:59:01.939Z","IN","false","2026-05-14T05:39:06.721Z","2026-05-14T02:30:00.000Z","2026-05-14T06:59:01.939Z","","JNR","2026-05-14T07:02:29.431Z","","JNR","","","","","","","","","","","","","","",""
"338","44","2026-05-13T18:30:00.000Z","2026-05-14T01:35:04.255Z","","IN","true","2026-05-14T06:07:39.366Z","2026-05-14T01:35:04.255Z","","JAYANAGAR","LEGACY_A","","","","","","","","","","","","","Legacy DB A Import","","","","",""
"340","47","2026-05-13T18:30:00.000Z","2026-05-14T01:38:16.737Z","","IN","true","2026-05-14T06:49:32.215Z","2026-05-14T01:38:16.737Z","","JAYANAGAR","LEGACY_A","","","","","","","","","","","","","Legacy DB A Import","","","","",""
"435","66","2026-05-15T18:30:00.000Z","2026-05-16T01:50:35.311Z","","IN","false","2026-05-16T10:18:30.533Z","2026-05-16T01:50:35.311Z","","HANUMANTHNAGAR","LEGACY_B","","","","","","","","","","","","","Legacy DB B Import","","","","",""
"364","51","2026-05-14T18:30:00.000Z","2026-05-15T01:34:35.041Z","2026-05-15T02:32:29.069Z","IN","true","2026-05-15T01:34:35.045Z","2026-05-15T01:34:35.041Z","2026-05-15T02:32:29.069Z","JNR","JNR","2026-05-15T09:17:00.819Z","","JNR","","","","","","","","","","","","","","",""
"384","59","2026-05-14T18:30:00.000Z","2026-05-15T03:59:48.230Z","","IN","false","2026-05-15T04:16:17.839Z","2026-05-15T03:59:48.230Z","","HANUMANTHNAGAR","LEGACY_B","","","","","","","","","","","","","Legacy DB B Import","","","","",""
"406","41","2026-05-15T18:30:00.000Z","2026-05-16T01:24:31.749Z","2026-05-16T14:30:28.399Z","OUT","false","2026-05-16T01:24:31.756Z","2026-05-16T01:24:31.749Z","2026-05-16T07:47:54.090Z","HNM","JNR","2026-05-16T10:30:35.414Z","2026-05-16T14:30:28.399Z","JNR","JNR","","","","","","","","","","","","","",""
"363","44","2026-05-14T18:30:00.000Z","2026-05-15T01:27:11.748Z","2026-05-15T10:00:55.965Z","OUT","false","2026-05-15T01:27:11.757Z","2026-05-15T01:27:11.748Z","2026-05-15T10:00:55.965Z","JNR","JNR","","","","","","","","","","","","","","","","","",""
"392","58","2026-05-14T18:30:00.000Z","2026-05-15T01:22:26.066Z","2026-05-15T04:45:10.680Z","IN","false","2026-05-15T07:12:40.692Z","2026-05-15T01:22:26.066Z","2026-05-15T03:37:50.330Z","JAYANAGAR","JAYANAGAR","","","","","","","","","","","","","Legacy DB A Import","","","","",""
"358","60","2026-05-13T18:30:00.000Z","2026-05-14T02:02:54.534Z","","IN","true","2026-05-14T13:13:20.281Z","2026-05-14T02:02:54.534Z","","JAYANAGAR","LEGACY_A","2026-05-14T10:11:00.000Z","2026-05-14T13:30:00.000Z","","","","","","","","","","","Legacy DB A Import","","","","",""
"377","57","2026-05-14T18:30:00.000Z","2026-05-15T01:43:56.108Z","","IN","true","2026-05-15T03:44:33.472Z","2026-05-15T01:43:56.108Z","","HANUMANTHNAGAR","LEGACY_B","2026-05-15T11:09:02.357Z","2026-05-15T15:30:51.932Z","HNM","HNM","","","","","","","","","Legacy DB B Import","","","","",""
"393","45","2026-05-14T18:30:00.000Z","2026-05-15T05:35:50.774Z","","IN","true","2026-05-15T07:18:56.573Z","2026-05-15T05:35:50.774Z","","JAYANAGAR","LEGACY_A","","","","","","","","","","","","","Legacy DB A Import","","","","",""
"334","41","2026-05-13T18:30:00.000Z","2026-05-14T01:25:47.595Z","","IN","false","2026-05-14T05:37:25.696Z","2026-05-14T01:25:47.595Z","","JAYANAGAR","LEGACY_A","","","","","","","","","","","","","Legacy DB A Import","","","","",""
"355","49","2026-05-13T18:30:00.000Z","2026-05-14T11:10:53.160Z","2026-05-14T12:17:50.577Z","OUT","true","2026-05-14T11:10:53.166Z","2026-05-14T12:16:51.509Z","2026-05-14T12:17:50.577Z","JNR, MOBILE","JNR, MOBILE","","","","","","","","","","","","","","","","","",""
"366","54","2026-05-14T18:30:00.000Z","2026-05-15T02:56:17.385Z","2026-05-15T11:31:24.304Z","OUT","false","2026-05-15T02:56:17.396Z","2026-05-15T02:56:17.385Z","2026-05-15T11:31:24.304Z","JNR","JNR","","","","","","","","","","","","","","","","","",""
"352","54","2026-05-13T18:30:00.000Z","2026-05-14T03:00:23.314Z","","IN","false","2026-05-14T10:46:55.097Z","2026-05-14T03:00:23.314Z","","JAYANAGAR","LEGACY_A","","","","","","","","","","","","","Legacy DB A Import","","","","",""
"386","50","2026-05-14T18:30:00.000Z","2026-05-15T04:34:59.930Z","2026-05-15T12:17:24.724Z","OUT","true","2026-05-15T04:34:59.938Z","2026-05-15T04:34:59.930Z","2026-05-15T12:17:24.724Z","HNM","HNM","","","","","","","","","","","","","","","","","",""
"350","50","2026-05-13T18:30:00.000Z","2026-05-14T06:17:48.449Z","","IN","true","2026-05-14T10:34:43.683Z","2026-05-14T06:17:48.449Z","","JAYANAGAR","LEGACY_A","","","","","","","","","","","","","Legacy DB A Import","","","","",""
"389","49","2026-05-14T18:30:00.000Z","2026-05-15T06:57:15.176Z","2026-05-15T12:25:50.915Z","OUT","false","2026-05-15T06:57:15.183Z","2026-05-15T06:57:15.176Z","2026-05-15T12:25:50.915Z","HNM","HNM","","","","","","","","","","","","","","","","","",""
"342","48","2026-05-13T18:30:00.000Z","2026-05-14T01:30:00.000Z","2026-05-14T14:31:37.220Z","OUT","false","2026-05-14T10:28:06.217Z","2026-05-14T01:30:00.000Z","2026-05-14T05:30:00.000Z","","","2026-05-14T14:31:30.409Z","2026-05-14T14:31:37.220Z","JNR","JNR","","","","","","","","","","","","","",""
"371","41","2026-05-14T18:30:00.000Z","2026-05-15T01:33:02.976Z","","IN","true","2026-05-15T03:32:43.339Z","2026-05-15T01:33:02.976Z","","HANUMANTHNAGAR","LEGACY_B","","","","","2026-05-15T10:37:40.410Z","2026-05-15T14:34:31.132Z","HNM","HNM","","","","","Legacy DB B Import","","","","",""
"417","54","2026-05-15T18:30:00.000Z","2026-05-16T03:10:19.007Z","","IN","false","2026-05-16T03:10:19.015Z","2026-05-16T03:10:19.007Z","","JNR","","","","","","","","","","","","","","","","","","",""
"423","43","2026-05-15T18:30:00.000Z","2026-05-16T04:02:00.000Z","2026-05-16T11:00:00.000Z","OUT","true","2026-05-16T04:08:33.926Z","2026-05-16T04:02:00.000Z","2026-05-16T11:00:00.000Z","JNR","","","","","","","","","","","","","","","","","","",""
"365","48","2026-05-14T18:30:00.000Z","2026-05-15T01:36:29.752Z","2026-05-15T14:30:00.000Z","OUT","true","2026-05-15T01:36:29.756Z","2026-05-15T01:36:29.752Z","2026-05-15T05:29:42.706Z","JNR","JNR","2026-05-15T09:56:00.000Z","2026-05-15T14:30:00.000Z","JNR","","","","","","","","","","","","","","",""
"429","40","2026-05-15T18:30:00.000Z","2026-05-16T01:22:52.186Z","","IN","false","2026-05-16T06:22:20.163Z","2026-05-16T01:22:52.186Z","","HANUMANTHNAGAR","LEGACY_B","","","","","","","","","","","","","Legacy DB B Import","","","","",""
"387","53","2026-05-14T18:30:00.000Z","2026-05-15T04:30:00.000Z","","IN","true","2026-05-15T05:59:30.310Z","2026-05-15T04:30:00.000Z","","HNM","","","","","","","","","","","","","","","","","","",""
"383","43","2026-05-14T18:30:00.000Z","2026-05-15T03:55:11.636Z","2026-05-15T13:01:38.908Z","OUT","false","2026-05-15T03:55:11.646Z","2026-05-15T03:55:11.636Z","2026-05-15T13:01:38.908Z","JNR","JNR","","","","","","","","","","","","","","","","","",""
"390","66","2026-05-14T18:30:00.000Z","2026-05-15T02:30:00.000Z","2026-05-15T14:30:02.163Z","OUT","false","2026-05-15T07:04:46.431Z","2026-05-15T02:30:00.000Z","2026-05-15T14:30:02.163Z","JNR","JNR","","","","","","","","","","","","","","","","","",""
"368","63","2026-05-14T18:30:00.000Z","2026-05-15T01:26:57.476Z","","IN","false","2026-05-15T03:28:45.308Z","2026-05-15T01:26:57.476Z","","HANUMANTHNAGAR","LEGACY_B","","","","","","","","","","","","","Legacy DB B Import","","","","",""
"372","42","2026-05-14T18:30:00.000Z","2026-05-15T02:30:00.000Z","2026-05-15T14:33:13.824Z","OUT","false","2026-05-15T03:33:04.404Z","2026-05-15T02:30:00.000Z","2026-05-15T07:00:00.000Z","HNM","","2026-05-15T10:12:41.811Z","2026-05-15T14:33:13.824Z","HNM","HNM","","","","","","","","","","","","","",""
"373","52","2026-05-14T18:30:00.000Z","2026-05-15T03:31:05.477Z","","IN","true","2026-05-15T03:33:18.142Z","2026-05-15T03:31:05.477Z","","HANUMANTHNAGAR","LEGACY_B","","","","","","","","","","","","","Legacy DB B Import","","","","",""
"337","43","2026-05-13T18:30:00.000Z","2026-05-14T04:11:33.441Z","","IN","true","2026-05-14T06:04:21.443Z","2026-05-14T04:11:33.441Z","","JAYANAGAR","LEGACY_A","","","","","","","","","","","","","Legacy DB A Import","","","","",""
"381","62","2026-05-14T18:30:00.000Z","2026-05-15T01:38:10.534Z","2026-05-15T10:34:30.850Z","OUT","true","2026-05-15T03:52:51.132Z","2026-05-15T01:38:10.534Z","2026-05-15T10:34:30.850Z","HANUMANTHNAGAR","HANUMANTHNAGAR","","","","","","","","","","","","","Legacy DB B Import","","","","",""
"420","62","2026-05-15T18:30:00.000Z","2026-05-16T01:38:59.651Z","","IN","true","2026-05-16T03:42:01.451Z","2026-05-16T01:38:59.651Z","","HANUMANTHNAGAR","LEGACY_B","","","","","","","","","","","","","Legacy DB B Import","","","","",""
"367","64","2026-05-14T18:30:00.000Z","2026-05-15T00:42:08.181Z","","IN","false","2026-05-15T03:28:35.299Z","2026-05-15T00:42:08.181Z","","HANUMANTHNAGAR","LEGACY_B","2026-05-15T09:34:03.344Z","2026-05-15T14:31:06.923Z","HNM","HNM","","","","","","","","","Legacy DB B Import","","","","",""
"422","53","2026-05-15T18:30:00.000Z","2026-05-16T04:05:56.525Z","2026-05-16T14:30:42.766Z","OUT","true","2026-05-16T04:05:56.535Z","2026-05-16T04:05:56.525Z","2026-05-16T14:30:42.766Z","HNM","HNM","","","","","","","","","","","","","","","","","",""
"414","42","2026-05-15T18:30:00.000Z","2026-05-16T02:51:30.168Z","2026-05-16T15:45:09.246Z","OUT","true","2026-05-16T02:51:30.176Z","2026-05-16T02:51:30.168Z","2026-05-16T09:55:32.463Z","HNM","HNM","2026-05-16T09:55:39.614Z","2026-05-16T15:45:09.246Z","HNM","JNR","","","","","","","","","","","","","",""
"426","50","2026-05-15T18:30:00.000Z","2026-05-16T04:48:21.081Z","2026-05-16T12:15:08.677Z","OUT","true","2026-05-16T04:48:21.089Z","2026-05-16T04:48:21.081Z","2026-05-16T12:15:08.677Z","HNM","HNM","","","","","","","","","","","","","","","","","",""
"415","67","2026-05-15T18:30:00.000Z","2026-05-16T02:57:56.794Z","2026-05-16T15:26:21.996Z","OUT","true","2026-05-16T02:57:56.798Z","2026-05-16T02:57:56.794Z","2026-05-16T15:26:21.996Z","HNM","HNM","","","","","","","","","","","","","","","","","",""
"411","60","2026-05-15T18:30:00.000Z","2026-05-16T02:05:02.975Z","2026-05-16T05:44:12.885Z","OUT","true","2026-05-16T02:05:02.979Z","2026-05-16T02:05:02.975Z","2026-05-16T05:44:12.885Z","JNR","JNR","","","","","","","","","","","","","","","","","",""
"418","71","2026-05-15T18:30:00.000Z","2026-05-16T01:30:17.203Z","","IN","true","2026-05-16T03:28:36.864Z","2026-05-16T01:30:17.203Z","","JAYANAGAR","LEGACY_A","","","","","","","","","","","","","Legacy DB A Import","","","","",""
"438","55","2026-05-15T18:30:00.000Z","2026-05-16T04:30:00.000Z","2026-05-16T12:33:19.753Z","OUT","false","2026-05-16T10:45:32.529Z","2026-05-16T04:30:00.000Z","2026-05-16T12:33:19.753Z","JNR, MOBILE","JNR, MOBILE","","","","","","","","","","","","","","","","","",""
"412","51","2026-05-15T18:30:00.000Z","2026-05-16T01:30:00.000Z","2026-05-16T14:33:30.349Z","OUT","false","2026-05-16T02:46:43.481Z","2026-05-16T01:30:00.000Z","2026-05-16T02:30:00.000Z","","","2026-05-16T05:39:10.347Z","2026-05-16T14:33:30.349Z","JNR","JNR","","","","","","","","","","","","","",""
"410","44","2026-05-15T18:30:00.000Z","2026-05-16T02:03:22.890Z","2026-05-16T10:02:45.499Z","OUT","true","2026-05-16T02:03:22.899Z","2026-05-16T02:03:22.890Z","2026-05-16T10:02:45.499Z","JNR","JNR","","","","","","","","","","","","","","","","","",""
"421","59","2026-05-15T18:30:00.000Z","2026-05-16T04:00:46.223Z","2026-05-16T15:30:03.489Z","OUT","false","2026-05-16T04:00:46.233Z","2026-05-16T04:00:46.223Z","2026-05-16T15:30:03.489Z","HNM","HNM","","","","","","","","","","","","","","","","","",""
"403","64","2026-05-15T18:30:00.000Z","2026-05-16T01:14:17.813Z","2026-05-16T15:30:04.582Z","OUT","false","2026-05-16T01:14:17.818Z","2026-05-16T01:14:17.813Z","2026-05-16T07:46:14.203Z","HNM","HNM","2026-05-16T09:40:57.559Z","2026-05-16T15:30:04.582Z","HNM","HNM","","","","","","","","","","","","","",""
"407","48","2026-05-15T18:30:00.000Z","2026-05-16T01:54:11.669Z","2026-05-16T14:30:02.623Z","OUT","true","2026-05-16T01:54:11.875Z","2026-05-16T01:54:39.524Z","2026-05-16T01:54:32.793Z","JNR","JNR","2026-05-16T09:12:30.509Z","2026-05-16T14:30:02.623Z","JNR","JNR","","","","","","","","","","","","","",""
"409","57","2026-05-15T18:30:00.000Z","2026-05-16T01:56:27.675Z","2026-05-16T14:30:27.430Z","OUT","true","2026-05-16T01:56:27.679Z","2026-05-16T01:56:27.675Z","2026-05-16T03:32:58.049Z","HNM","HNM","2026-05-16T08:27:35.240Z","2026-05-16T14:30:27.430Z","HNM","HNM","","","","","","","","","","","","","",""
"442","72","2026-05-15T18:30:00.000Z","2026-05-16T09:30:00.000Z","2026-05-16T14:35:03.501Z","OUT","false","2026-05-16T11:21:41.215Z","2026-05-16T09:30:00.000Z","2026-05-16T14:35:03.501Z","JNR, MOBILE","JNR, MOBILE","","","","","","","","","","","","","","","","","",""
"427","45","2026-05-15T18:30:00.000Z","2026-05-16T05:33:16.467Z","2026-05-16T14:38:02.304Z","OUT","true","2026-05-16T05:33:16.476Z","2026-05-16T05:33:16.467Z","2026-05-16T14:38:02.304Z","JNR","JNR","","","","","","","","","","","","","","","","","",""
"441","63","2026-05-15T18:30:00.000Z","2026-05-16T11:09:11.988Z","2026-05-16T15:30:41.570Z","OUT","true","2026-05-16T11:09:11.993Z","2026-05-16T11:09:11.988Z","2026-05-16T15:30:41.570Z","HNM","HNM","","","","","","","","","","","","","","","","","",""
"450","72","2026-05-16T18:30:00.000Z","2026-05-17T03:58:03.586Z","","IN","true","2026-05-17T03:58:03.595Z","2026-05-17T03:58:03.586Z","","JNR, MOBILE","","","","","","","","","","","","","","","","","","",""
"452","51","2026-05-16T18:30:00.000Z","2026-05-17T04:35:18.926Z","2026-05-17T06:54:47.333Z","OUT","true","2026-05-17T04:35:18.933Z","2026-05-17T04:35:18.926Z","2026-05-17T06:54:47.333Z","JNR","JNR","","","","","","","","","","","","","","","","","",""
"449","59","2026-05-16T18:30:00.000Z","2026-05-17T03:40:46.994Z","2026-05-17T07:30:06.252Z","OUT","true","2026-05-17T03:40:47.001Z","2026-05-17T03:40:46.994Z","2026-05-17T07:30:06.252Z","HNM","HNM","","","","","","","","","","","","","","","","","",""
"448","64","2026-05-16T18:30:00.000Z","2026-05-17T03:31:24.505Z","2026-05-17T07:30:07.008Z","OUT","true","2026-05-17T03:31:24.510Z","2026-05-17T03:31:24.505Z","2026-05-17T07:30:07.008Z","HNM","HNM","","","","","","","","","","","","","","","","","",""
"451","57","2026-05-16T18:30:00.000Z","2026-05-17T04:20:27.871Z","2026-05-17T07:30:14.074Z","OUT","true","2026-05-17T04:20:27.881Z","2026-05-17T04:20:27.871Z","2026-05-17T07:30:14.074Z","HNM","HNM","","","","","","","","","","","","","","","","","",""
"446","63","2026-05-16T18:30:00.000Z","2026-05-17T03:25:30.850Z","2026-05-17T07:30:16.044Z","OUT","false","2026-05-17T03:25:30.862Z","2026-05-17T03:25:30.850Z","2026-05-17T07:30:16.044Z","HNM","HNM","","","","","","","","","","","","","","","","","",""
"357","55","2026-05-13T18:30:00.000Z","2026-05-14T04:55:15.181Z","","IN","true","2026-05-14T12:55:10.439Z","2026-05-14T04:55:15.181Z","","JAYANAGAR","LEGACY_A","","","","","","","","","","","","","Legacy DB A Import","","","","",""
"455","71","2026-05-17T18:30:00.000Z","2026-05-18T01:32:13.230Z","2026-05-18T08:58:36.985Z","OUT","true","2026-05-18T01:32:13.237Z","2026-05-18T01:32:13.230Z","2026-05-18T08:58:36.985Z","JNR","JNR","","","","","","","","","","","","","","","","","",""
"447","58","2026-05-16T18:30:00.000Z","2026-05-17T03:26:18.660Z","2026-05-17T08:00:25.482Z","OUT","true","2026-05-17T03:26:18.723Z","2026-05-17T03:26:18.660Z","2026-05-17T08:00:25.482Z","JNR, MOBILE","JNR, MOBILE","","","","","","","","","","","","","","","","","",""
"346","51","2026-05-13T18:30:00.000Z","2026-05-14T01:32:53.294Z","2026-05-14T02:30:38.604Z","IN","true","2026-05-14T10:30:39.126Z","2026-05-14T01:32:53.294Z","2026-05-14T02:30:38.604Z","JAYANAGAR","JAYANAGAR","2026-05-14T14:18:53.570Z","2026-05-14T14:30:18.869Z","JNR","JNR","","","","","","","","","Legacy DB A Import","","","","",""
"466","56","2026-05-17T18:30:00.000Z","2026-05-18T02:52:24.683Z","2026-05-18T15:30:09.778Z","OUT","true","2026-05-18T02:52:24.691Z","2026-05-18T02:52:24.683Z","2026-05-18T07:10:51.193Z","HNM","HNM","2026-05-18T11:29:45.334Z","2026-05-18T15:30:09.778Z","HNM","HNM","","","","","","","","","","","","","",""
"479","60","2026-05-17T18:30:00.000Z","2026-05-18T10:04:45.896Z","2026-05-18T15:30:47.848Z","OUT","true","2026-05-18T10:04:45.902Z","2026-05-18T10:04:45.896Z","2026-05-18T15:30:47.848Z","HNM","HNM","","","","","","","","","","","","","","","","","",""
"509","53","2026-05-18T18:30:00.000Z","2026-05-19T04:05:24.026Z","2026-05-19T14:39:16.865Z","OUT","true","2026-05-19T04:05:24.037Z","2026-05-19T14:39:06.488Z","2026-05-19T14:39:16.865Z","HNM","HNM","","","","","","","","","","","","","","","","","",""
"462","58","2026-05-17T18:30:00.000Z","2026-05-18T01:57:45.553Z","2026-05-18T15:36:29.830Z","OUT","true","2026-05-18T01:57:45.559Z","2026-05-18T01:57:45.553Z","2026-05-18T03:48:25.626Z","JNR, MOBILE","JNR, MOBILE","2026-05-18T05:09:14.625Z","2026-05-18T08:07:53.773Z","JNR, MOBILE","JNR, MOBILE","2026-05-18T10:19:02.493Z","2026-05-18T15:36:29.830Z","JNR, MOBILE","JNR, MOBILE","","","","","","","","","",""
"463","65","2026-05-17T18:30:00.000Z","2026-05-18T02:26:29.936Z","2026-05-18T08:34:02.814Z","IN","false","2026-05-18T02:26:29.946Z","2026-05-18T02:26:29.936Z","2026-05-18T08:34:02.814Z","HNM","HNM","2026-05-18T09:01:35.190Z","","HNM","","","","","","","","","","","","","","",""
"469","59","2026-05-17T18:30:00.000Z","2026-05-18T03:58:55.847Z","2026-05-18T09:04:16.567Z","OUT","false","2026-05-18T03:58:55.856Z","2026-05-18T03:58:55.847Z","2026-05-18T09:04:16.567Z","HNM","HNM","","","","","","","","","","","","","","","","","",""
"464","66","2026-05-17T18:30:00.000Z","2026-05-18T02:29:02.339Z","2026-05-18T09:33:30.669Z","OUT","false","2026-05-18T02:29:02.347Z","2026-05-18T02:29:02.339Z","2026-05-18T09:33:30.669Z","JNR","JNR","","","","","","","","","","","","","","","","","",""
"495","52","2026-05-18T18:30:00.000Z","2026-05-19T01:37:32.940Z","","IN","false","2026-05-19T01:37:32.948Z","2026-05-19T01:37:32.940Z","","HNM","","","","","","","","","","","","","","","","","","",""
"461","62","2026-05-17T18:30:00.000Z","2026-05-18T01:54:49.370Z","2026-05-18T10:36:17.681Z","OUT","true","2026-05-18T01:54:49.375Z","2026-05-18T01:54:49.370Z","2026-05-18T10:36:17.681Z","HNM","HNM","","","","","","","","","","","","","","","","","",""
"458","52","2026-05-17T18:30:00.000Z","2026-05-18T01:43:31.952Z","2026-05-18T11:06:23.071Z","OUT","false","2026-05-18T01:43:31.962Z","2026-05-18T01:43:31.952Z","2026-05-18T11:06:23.071Z","HNM","HNM","","","","","","","","","","","","","","","","","",""
"467","54","2026-05-17T18:30:00.000Z","2026-05-18T02:55:23.532Z","2026-05-18T11:30:46.852Z","OUT","false","2026-05-18T02:55:23.542Z","2026-05-18T02:55:23.532Z","2026-05-18T11:30:46.852Z","JNR","JNR","","","","","","","","","","","","","","","","","",""
"457","47","2026-05-17T18:30:00.000Z","2026-05-18T01:37:28.763Z","2026-05-18T11:31:39.115Z","OUT","true","2026-05-18T01:37:28.771Z","2026-05-18T01:37:28.763Z","2026-05-18T11:31:39.115Z","JNR","JNR","","","","","","","","","","","","","","","","","",""
"471","55","2026-05-17T18:30:00.000Z","2026-05-18T04:20:41.595Z","2026-05-18T12:30:26.174Z","OUT","false","2026-05-18T04:20:41.603Z","2026-05-18T04:20:41.595Z","2026-05-18T12:30:26.174Z","JNR, MOBILE","JNR, MOBILE","","","","","","","","","","","","","","","","","",""
"533","45","2026-05-18T18:30:00.000Z","2026-05-19T05:38:42.744Z","2026-05-19T14:42:10.827Z","OUT","true","2026-05-19T05:38:42.749Z","2026-05-19T05:38:42.744Z","2026-05-19T14:42:10.827Z","JNR","JNR","","","","","","","","","","","","","","","","","",""
"460","48","2026-05-17T18:30:00.000Z","2026-05-18T01:50:01.996Z","2026-05-18T14:27:13.422Z","OUT","true","2026-05-18T01:50:02.001Z","2026-05-18T01:50:01.996Z","2026-05-18T05:33:12.510Z","JNR","JNR","2026-05-18T10:00:11.355Z","2026-05-18T14:27:13.422Z","JNR","JNR","","","","","","","","","","","","","",""
"453","64","2026-05-17T18:30:00.000Z","2026-05-18T01:04:50.607Z","2026-05-18T14:31:21.217Z","OUT","false","2026-05-18T01:04:50.617Z","2026-05-18T01:04:50.607Z","2026-05-18T09:31:43.425Z","HNM","HNM","2026-05-18T14:31:06.056Z","2026-05-18T14:31:21.217Z","HNM","HNM","","","","","","","","","","","","","",""
"482","72","2026-05-17T18:30:00.000Z","2026-05-18T10:17:54.695Z","2026-05-18T14:32:03.645Z","OUT","false","2026-05-18T10:17:54.699Z","2026-05-18T10:17:54.695Z","2026-05-18T14:32:03.645Z","JNR, MOBILE","JNR, MOBILE","","","","","","","","","","","","","","","","","",""
"456","51","2026-05-17T18:30:00.000Z","2026-05-18T01:34:13.416Z","2026-05-18T14:32:58.745Z","OUT","true","2026-05-18T01:34:13.421Z","2026-05-18T01:34:13.416Z","2026-05-18T02:31:54.097Z","JNR","JNR","2026-05-18T05:37:43.776Z","2026-05-18T14:32:58.745Z","JNR","JNR","","","","","","","","","","","","","",""
"470","53","2026-05-17T18:30:00.000Z","2026-05-18T04:08:58.783Z","2026-05-18T14:33:35.814Z","OUT","true","2026-05-18T04:08:58.791Z","2026-05-18T04:08:58.783Z","2026-05-18T14:33:35.814Z","HNM","HNM","","","","","","","","","","","","","","","","","",""
"475","45","2026-05-17T18:30:00.000Z","2026-05-18T05:38:39.774Z","2026-05-18T14:43:11.227Z","OUT","true","2026-05-18T05:38:39.782Z","2026-05-18T05:38:39.774Z","2026-05-18T14:43:11.227Z","JNR","JNR","","","","","","","","","","","","","","","","","",""
"465","42","2026-05-17T18:30:00.000Z","2026-05-18T02:50:23.840Z","2026-05-18T15:10:34.362Z","OUT","true","2026-05-18T02:50:23.845Z","2026-05-18T02:50:23.840Z","2026-05-18T07:08:06.111Z","JNR","JNR","2026-05-18T10:14:33.799Z","2026-05-18T15:10:34.362Z","HNM","JNR","","","","","","","","","","","","","",""
"454","41","2026-05-17T18:30:00.000Z","2026-05-18T01:19:58.680Z","2026-05-18T15:12:22.174Z","OUT","false","2026-05-18T01:19:58.689Z","2026-05-18T01:19:58.680Z","2026-05-18T02:48:55.043Z","HNM","HNM","2026-05-18T04:28:22.437Z","2026-05-18T15:12:22.174Z","HNM","HNM","","","","","","","","","","","","","",""
"468","67","2026-05-17T18:30:00.000Z","2026-05-18T03:10:32.927Z","2026-05-18T15:25:16.818Z","OUT","true","2026-05-18T03:10:32.934Z","2026-05-18T03:10:32.927Z","2026-05-18T06:56:24.989Z","HNM, MOBILE","HNM, MOBILE","2026-05-18T10:05:55.402Z","2026-05-18T15:25:16.818Z","HNM, MOBILE","HNM, MOBILE","","","","","","","","","","","","","",""
"484","63","2026-05-17T18:30:00.000Z","2026-05-18T10:54:11.521Z","2026-05-18T15:28:50.406Z","OUT","true","2026-05-18T10:54:11.532Z","2026-05-18T10:54:11.521Z","2026-05-18T15:28:50.406Z","HNM","HNM","","","","","","","","","","","","","","","","","",""
"478","40","2026-05-17T18:30:00.000Z","2026-05-18T10:01:27.180Z","2026-05-18T15:29:40.605Z","OUT","true","2026-05-18T10:01:27.187Z","","","","","2026-05-18T10:01:27.180Z","2026-05-18T15:29:40.605Z","HNM","HNM","","","","","","","","","","","","","",""
"459","57","2026-05-17T18:30:00.000Z","2026-05-18T01:49:04.814Z","2026-05-18T15:30:05.596Z","OUT","true","2026-05-18T01:49:04.822Z","2026-05-18T01:49:04.814Z","2026-05-18T03:33:35.051Z","HNM","HNM","2026-05-18T10:57:32.693Z","2026-05-18T15:30:05.596Z","HNM","HNM","","","","","","","","","","","","","",""
"504","54","2026-05-18T18:30:00.000Z","2026-05-19T03:06:47.568Z","2026-05-19T11:30:40.205Z","OUT","false","2026-05-19T03:06:47.579Z","2026-05-19T03:06:47.568Z","2026-05-19T11:30:40.205Z","JNR","JNR","","","","","","","","","","","","","","","","","",""
"490","40","2026-05-18T18:30:00.000Z","2026-05-19T01:13:40.601Z","2026-05-19T15:38:50.155Z","OUT","false","2026-05-19T01:13:40.609Z","2026-05-19T01:13:40.601Z","2026-05-19T06:41:03.033Z","HNM","HNM","2026-05-19T09:41:52.786Z","2026-05-19T15:38:50.155Z","HNM","HNM","","","","","","","","","","","","","",""
"494","47","2026-05-18T18:30:00.000Z","2026-05-19T01:35:37.440Z","2026-05-19T11:32:33.490Z","OUT","true","2026-05-19T01:35:37.447Z","2026-05-19T01:35:37.440Z","2026-05-19T11:32:33.490Z","JNR","JNR","","","","","","","","","","","","","","","","","",""
"510","55","2026-05-18T18:30:00.000Z","2026-05-19T04:07:34.150Z","","IN","false","2026-05-19T04:07:34.156Z","2026-05-19T04:07:34.150Z","","JNR, MOBILE","","","","","","","","","","","","","","","","","","",""
"511","50","2026-05-18T18:30:00.000Z","2026-05-19T05:06:28.745Z","2026-05-19T12:08:23.660Z","OUT","true","2026-05-19T05:06:28.753Z","2026-05-19T05:06:28.745Z","2026-05-19T12:08:23.660Z","HNM","HNM","","","","","","","","","","","","","","","","","",""
"551","75","2026-05-18T18:30:00.000Z","2026-05-19T03:25:00.000Z","2026-05-19T13:32:21.875Z","OUT","false","2026-05-19T11:06:38.905Z","2026-05-19T03:25:00.000Z","2026-05-19T13:32:21.875Z","JNR, MOBILE","JNR, MOBILE","","","","","","","","","","","","","","","","","",""
"499","62","2026-05-18T18:30:00.000Z","2026-05-19T01:44:32.769Z","2026-05-19T10:31:02.848Z","OUT","true","2026-05-19T01:44:32.772Z","2026-05-19T10:30:53.048Z","2026-05-19T10:31:02.848Z","HNM","HNM","","","","","","","","","","","","","","","","","",""
"506","59","2026-05-18T18:30:00.000Z","2026-05-19T03:39:13.604Z","2026-05-19T14:46:08.698Z","OUT","false","2026-05-19T03:39:13.613Z","2026-05-19T03:39:13.604Z","2026-05-19T14:46:08.698Z","HNM","HNM","","","","","","","","","","","","","","","","","",""
"501","66","2026-05-18T18:30:00.000Z","2026-05-19T01:51:08.445Z","2026-05-19T14:30:02.144Z","OUT","false","2026-05-19T01:51:08.449Z","2026-05-19T01:51:08.445Z","2026-05-19T14:30:02.144Z","JNR","JNR","","","","","","","","","","","","","","","","","",""
"500","48","2026-05-18T18:30:00.000Z","2026-05-19T01:49:47.281Z","2026-05-19T14:30:02.908Z","OUT","true","2026-05-19T01:49:47.288Z","2026-05-19T01:49:47.281Z","2026-05-19T05:30:04.539Z","JNR","JNR","2026-05-19T10:02:40.798Z","2026-05-19T14:30:02.908Z","JNR","JNR","","","","","","","","","","","","","",""
"489","64","2026-05-18T18:30:00.000Z","2026-05-19T01:09:15.447Z","2026-05-19T14:30:06.451Z","OUT","false","2026-05-19T01:09:15.458Z","2026-05-19T01:09:15.447Z","2026-05-19T07:30:08.837Z","HNM","HNM","2026-05-19T09:40:39.001Z","2026-05-19T14:30:06.451Z","HNM","HNM","","","","","","","","","","","","","",""
"545","72","2026-05-18T18:30:00.000Z","2026-05-19T10:33:59.988Z","2026-05-19T14:31:53.266Z","OUT","true","2026-05-19T10:33:59.992Z","2026-05-19T10:33:59.988Z","2026-05-19T14:31:53.266Z","JNR, MOBILE","JNR, MOBILE","","","","","","","","","","","","","","","","","",""
"503","42","2026-05-18T18:30:00.000Z","2026-05-19T02:42:24.455Z","2026-05-19T10:31:15.148Z","IN","true","2026-05-19T02:42:24.461Z","2026-05-19T02:42:24.455Z","2026-05-19T10:31:15.148Z","HNM","HNM","2026-05-19T10:31:22.212Z","","HNM","","","","","","","","","","","","","","",""
"496","44","2026-05-18T18:30:00.000Z","2026-05-19T01:38:36.269Z","2026-05-19T08:25:02.905Z","OUT","true","2026-05-19T01:38:36.273Z","2026-05-19T05:39:03.582Z","2026-05-19T08:25:02.905Z","JNR","JNR","","","","","","","","","","","","","","","","","",""
"491","71","2026-05-18T18:30:00.000Z","2026-05-19T01:27:51.195Z","2026-05-19T08:38:57.645Z","OUT","false","2026-05-19T01:27:51.204Z","2026-05-19T01:27:51.195Z","2026-05-19T08:38:57.645Z","JNR","JNR","","","","","","","","","","","","","","","","","",""
"541","60","2026-05-18T18:30:00.000Z","2026-05-19T10:05:09.021Z","2026-05-19T15:28:51.817Z","OUT","true","2026-05-19T10:05:09.027Z","2026-05-19T10:05:09.021Z","2026-05-19T15:28:51.817Z","HNM","HNM","","","","","","","","","","","","","","","","","",""
"497","51","2026-05-18T18:30:00.000Z","2026-05-19T01:38:40.314Z","2026-05-19T14:33:27.034Z","OUT","true","2026-05-19T01:38:40.318Z","2026-05-19T01:38:40.314Z","2026-05-19T02:30:08.952Z","JNR","JNR","2026-05-19T05:43:24.538Z","2026-05-19T14:33:27.034Z","JNR","JNR","","","","","","","","","","","","","",""
"492","41","2026-05-18T18:30:00.000Z","2026-05-19T01:29:32.302Z","2026-05-19T14:33:50.336Z","OUT","false","2026-05-19T01:29:32.311Z","2026-05-19T01:29:32.302Z","2026-05-19T14:33:50.336Z","HNM","JNR","","","","","","","","","","","","","","","","","",""
"563","44","2026-05-19T18:30:00.000Z","2026-05-20T01:35:56.601Z","2026-05-20T10:01:48.886Z","OUT","true","2026-05-20T01:35:56.606Z","2026-05-20T01:35:56.601Z","2026-05-20T10:01:48.886Z","JNR","JNR","","","","","","","","","","","","","","","","","",""
"498","57","2026-05-18T18:30:00.000Z","2026-05-19T01:43:27.124Z","2026-05-19T15:29:27.055Z","OUT","true","2026-05-19T01:43:27.131Z","2026-05-19T01:43:27.124Z","2026-05-19T03:32:07.379Z","HNM","HNM","2026-05-19T10:58:41.623Z","2026-05-19T15:29:27.055Z","HNM","HNM","","","","","","","","","","","","","",""
"517","56","2026-05-18T18:30:00.000Z","2026-05-19T05:15:23.158Z","2026-05-19T15:30:03.528Z","OUT","false","2026-05-19T05:15:23.255Z","2026-05-19T05:15:23.158Z","2026-05-19T15:30:03.528Z","HNM","HNM","","","","","","","","","","","","","","","","","",""
"502","65","2026-05-18T18:30:00.000Z","2026-05-19T02:27:32.905Z","2026-05-19T15:31:01.124Z","OUT","false","2026-05-19T02:27:32.913Z","2026-05-19T02:27:32.905Z","2026-05-19T08:41:26.725Z","HNM","HNM","2026-05-19T09:14:45.621Z","2026-05-19T15:31:01.124Z","HNM","HNM","","","","","","","","","","","","","",""
"532","67","2026-05-18T18:30:00.000Z","2026-05-19T02:45:00.000Z","2026-05-19T15:32:29.043Z","OUT","true","2026-05-19T05:37:45.981Z","2026-05-19T02:45:00.000Z","2026-05-19T06:52:48.855Z","JNR, MOBILE","JNR, MOBILE","2026-05-19T10:14:35.543Z","2026-05-19T15:32:29.043Z","JNR, MOBILE","JNR, MOBILE","","","","","","","","","","","","","",""
"546","74","2026-05-18T18:30:00.000Z","2026-05-19T07:30:00.000Z","2026-05-19T15:35:36.905Z","OUT","true","2026-05-19T10:41:24.615Z","2026-05-19T07:30:00.000Z","2026-05-19T15:35:36.905Z","JNR, MOBILE","JNR, MOBILE","","","","","","","","","","","","","","","","","",""
"569","66","2026-05-19T18:30:00.000Z","2026-05-20T02:09:24.197Z","2026-05-20T14:30:15.049Z","OUT","false","2026-05-20T02:09:24.204Z","2026-05-20T02:09:24.197Z","2026-05-20T14:30:15.049Z","JNR","JNR","","","","","","","","","","","","","","","","","",""
"559","40","2026-05-19T18:30:00.000Z","2026-05-20T01:21:39.106Z","2026-05-20T15:37:13.748Z","OUT","false","2026-05-20T01:21:39.112Z","2026-05-20T01:21:39.106Z","2026-05-20T03:33:30.961Z","HNM","HNM","2026-05-20T10:05:24.791Z","2026-05-20T15:37:13.748Z","HNM","HNM","","","","","","","","","","","","","",""
"565","52","2026-05-19T18:30:00.000Z","2026-05-20T01:39:00.011Z","2026-05-20T15:16:31.007Z","OUT","true","2026-05-20T01:39:00.015Z","2026-05-20T12:18:15.085Z","2026-05-20T15:16:31.007Z","HNM","HNM","","","","","","","","","","","","","","","","","",""
"568","57","2026-05-19T18:30:00.000Z","2026-05-20T01:45:56.725Z","2026-05-20T15:29:52.099Z","OUT","true","2026-05-20T01:45:56.735Z","2026-05-20T01:45:56.725Z","2026-05-20T05:31:08.724Z","HNM","HNM","2026-05-20T10:21:01.616Z","2026-05-20T15:29:52.099Z","HNM","HNM","","","","","","","","","","","","","",""
"572","56","2026-05-19T18:30:00.000Z","2026-05-20T02:45:20.240Z","2026-05-20T15:31:06.851Z","OUT","true","2026-05-20T02:45:20.246Z","2026-05-20T02:45:20.240Z","2026-05-20T07:05:55.028Z","HNM","HNM","2026-05-20T11:35:20.219Z","2026-05-20T15:31:06.851Z","HNM","HNM","","","","","","","","","","","","","",""
"566","62","2026-05-19T18:30:00.000Z","2026-05-20T01:40:13.379Z","2026-05-20T10:30:54.393Z","OUT","true","2026-05-20T01:40:13.390Z","2026-05-20T01:40:13.379Z","2026-05-20T10:30:54.393Z","HNM","HNM","","","","","","","","","","","","","","","","","",""
"567","48","2026-05-19T18:30:00.000Z","2026-05-20T01:44:39.350Z","2026-05-20T14:57:20.618Z","OUT","true","2026-05-20T01:44:39.356Z","2026-05-20T01:44:39.350Z","2026-05-20T05:30:11.193Z","JNR","JNR","2026-05-20T10:07:54.267Z","2026-05-20T14:57:20.618Z","JNR","JNR","","","","","","","","","","","","","",""
"562","51","2026-05-19T18:30:00.000Z","2026-05-20T01:35:32.084Z","2026-05-20T14:35:28.084Z","OUT","true","2026-05-20T01:35:32.091Z","2026-05-20T01:35:32.084Z","2026-05-20T02:30:05.113Z","JNR","JNR","2026-05-20T05:49:57.774Z","2026-05-20T14:35:28.084Z","JNR","JNR","","","","","","","","","","","","","",""
"560","71","2026-05-19T18:30:00.000Z","2026-05-20T01:27:23.291Z","2026-05-20T08:33:59.449Z","OUT","false","2026-05-20T01:27:23.298Z","2026-05-20T01:27:23.291Z","2026-05-20T08:33:59.449Z","JNR","JNR","","","","","","","","","","","","","","","","","",""
"561","47","2026-05-19T18:30:00.000Z","2026-05-20T01:35:19.213Z","2026-05-20T11:32:58.299Z","OUT","true","2026-05-20T01:35:19.218Z","2026-05-20T01:35:19.213Z","2026-05-20T11:32:58.299Z","JNR","JNR","","","","","","","","","","","","","","","","","",""
"570","42","2026-05-19T18:30:00.000Z","2026-05-20T02:43:45.875Z","2026-05-20T15:33:57.867Z","OUT","true","2026-05-20T02:43:45.881Z","2026-05-20T02:43:45.875Z","2026-05-20T10:10:29.921Z","JNR, MOBILE","JNR","2026-05-20T10:10:35.429Z","2026-05-20T15:33:57.867Z","JNR","JNR","","","","","","","","","","","","","",""
"555","41","2026-05-19T18:30:00.000Z","2026-05-20T00:40:39.893Z","2026-05-20T14:31:34.571Z","OUT","false","2026-05-20T00:40:39.903Z","2026-05-20T00:40:39.893Z","2026-05-20T08:10:16.103Z","HNM","HNM","","","","","2026-05-20T09:58:27.385Z","2026-05-20T14:31:34.571Z","HNM","HNM","","","","","","","","","",""
"604","65","2026-05-20T18:30:00.000Z","2026-05-21T00:45:40.157Z","2026-05-21T15:30:20.073Z","OUT","false","2026-05-21T00:45:40.169Z","2026-05-21T00:45:40.157Z","2026-05-21T08:35:23.409Z","HNM","HNM","2026-05-21T09:25:19.758Z","2026-05-21T15:30:20.073Z","HNM","HNM","","","","","","","","","","","","","",""
"620","56","2026-05-20T18:30:00.000Z","2026-05-21T02:40:05.829Z","2026-05-21T15:30:54.755Z","OUT","true","2026-05-21T02:40:05.834Z","2026-05-21T02:40:05.829Z","2026-05-21T07:12:32.271Z","HNM","HNM","2026-05-21T11:41:58.277Z","2026-05-21T15:30:54.755Z","HNM","HNM","","","","","","","","","","","","","",""
"622","67","2026-05-20T18:30:00.000Z","2026-05-21T02:53:23.184Z","2026-05-21T15:32:15.454Z","OUT","true","2026-05-21T02:53:23.191Z","2026-05-21T02:53:23.184Z","2026-05-21T06:36:52.666Z","HNM, MOBILE","HNM, MOBILE","2026-05-21T10:02:55.808Z","2026-05-21T15:32:15.454Z","HNM, MOBILE","HNM, MOBILE","","","","","","","","","","","","","",""
"634","74","2026-05-20T18:30:00.000Z","2026-05-21T07:39:20.308Z","2026-05-21T15:34:03.775Z","OUT","true","2026-05-21T07:39:20.316Z","2026-05-21T07:39:20.308Z","2026-05-21T15:34:03.775Z","JNR, MOBILE","JNR, MOBILE","","","","","","","","","","","","","","","","","",""
"598","60","2026-05-19T18:30:00.000Z","2026-05-20T10:07:59.231Z","","IN","true","2026-05-20T10:07:59.235Z","2026-05-20T10:07:59.231Z","","HNM","","","","","","","","","","","","","","","","","","",""
"649","42","2026-05-20T18:30:00.000Z","2026-05-21T02:30:00.000Z","2026-05-21T07:00:00.000Z","IN","false","2026-05-21T10:51:40.337Z","2026-05-21T02:30:00.000Z","2026-05-21T07:00:00.000Z","","","2026-05-21T15:35:05.528Z","","JNR","","","","","","","","","","","","","","",""
"573","54","2026-05-19T18:30:00.000Z","2026-05-20T02:57:07.904Z","2026-05-20T11:31:28.320Z","OUT","false","2026-05-20T02:57:07.910Z","2026-05-20T02:57:07.904Z","2026-05-20T11:31:28.320Z","JNR","JNR","","","","","","","","","","","","","","","","","",""
"580","50","2026-05-19T18:30:00.000Z","2026-05-20T04:58:34.041Z","2026-05-20T12:19:09.777Z","OUT","true","2026-05-20T04:58:34.046Z","2026-05-20T04:58:34.041Z","2026-05-20T12:19:09.777Z","JNR","HNM","","","","","","","","","","","","","","","","","",""
"581","55","2026-05-19T18:30:00.000Z","2026-05-20T05:08:41.731Z","2026-05-20T12:29:37.558Z","OUT","true","2026-05-20T05:08:41.737Z","2026-05-20T05:08:41.731Z","2026-05-20T12:29:37.558Z","JNR, MOBILE","JNR, MOBILE","","","","","","","","","","","","","","","","","",""
"578","43","2026-05-19T18:30:00.000Z","2026-05-20T04:07:59.834Z","2026-05-20T12:45:53.370Z","OUT","true","2026-05-20T04:07:59.841Z","2026-05-20T04:07:59.834Z","2026-05-20T12:45:53.370Z","JNR","JNR","","","","","","","","","","","","","","","","","",""
"556","64","2026-05-19T18:30:00.000Z","2026-05-20T01:16:40.477Z","2026-05-20T13:30:03.443Z","OUT","false","2026-05-20T01:16:40.478Z","2026-05-20T01:16:40.477Z","2026-05-20T07:30:21.584Z","HNM","HNM","2026-05-20T09:09:18.177Z","2026-05-20T13:30:03.443Z","HNM","HNM","","","","","","","","","","","","","",""
"575","75","2026-05-19T18:30:00.000Z","2026-05-20T03:33:32.856Z","2026-05-20T13:31:11.187Z","OUT","true","2026-05-20T03:33:32.861Z","2026-05-20T03:33:32.856Z","2026-05-20T13:31:11.187Z","JNR, MOBILE","JNR, MOBILE","","","","","","","","","","","","","","","","","",""
"592","72","2026-05-19T18:30:00.000Z","2026-05-20T09:59:18.528Z","2026-05-20T14:30:06.514Z","OUT","false","2026-05-20T09:59:18.530Z","2026-05-20T09:59:18.528Z","2026-05-20T14:30:06.514Z","JNR, MOBILE","JNR, MOBILE","","","","","","","","","","","","","","","","","",""
"576","53","2026-05-19T18:30:00.000Z","2026-05-20T04:05:44.869Z","2026-05-20T14:37:10.888Z","OUT","true","2026-05-20T04:05:44.877Z","2026-05-20T04:05:44.869Z","2026-05-20T14:37:10.888Z","HNM","HNM","","","","","","","","","","","","","","","","","",""
"582","45","2026-05-19T18:30:00.000Z","2026-05-20T05:32:27.597Z","2026-05-20T14:38:42.772Z","OUT","true","2026-05-20T05:32:27.603Z","2026-05-20T05:32:27.597Z","2026-05-20T14:38:42.772Z","JNR","JNR","","","","","","","","","","","","","","","","","",""
"577","59","2026-05-19T18:30:00.000Z","2026-05-20T04:06:26.757Z","2026-05-20T14:49:02.506Z","OUT","false","2026-05-20T04:06:26.765Z","2026-05-20T04:06:26.757Z","2026-05-20T14:49:02.506Z","HNM","HNM","","","","","","","","","","","","","","","","","",""
"574","67","2026-05-19T18:30:00.000Z","2026-05-20T03:01:13.150Z","2026-05-20T15:29:52.475Z","OUT","true","2026-05-20T03:01:13.156Z","2026-05-20T03:01:13.150Z","2026-05-20T06:53:43.282Z","HNM, MOBILE","HNM, MOBILE","2026-05-20T10:08:43.193Z","2026-05-20T15:29:52.475Z","HNM, MOBILE","HNM, MOBILE","","","","","","","","","","","","","",""
"554","65","2026-05-19T18:30:00.000Z","2026-05-20T00:39:45.365Z","2026-05-20T15:30:11.617Z","OUT","false","2026-05-20T00:39:45.372Z","2026-05-20T00:39:45.365Z","2026-05-20T08:30:37.319Z","HNM","HNM","2026-05-20T09:09:18.177Z","2026-05-20T15:30:11.617Z","HNM","HNM","","","","","","","","","","","","","",""
"564","58","2026-05-19T18:30:00.000Z","2026-05-20T01:38:12.866Z","2026-05-20T15:35:28.314Z","OUT","true","2026-05-20T01:38:12.870Z","2026-05-20T01:38:12.866Z","2026-05-20T03:52:58.609Z","JNR, MOBILE","JNR, MOBILE","2026-05-20T06:03:38.305Z","2026-05-20T08:19:03.605Z","JNR, MOBILE","JNR, MOBILE","2026-05-20T10:06:40.951Z","2026-05-20T15:35:28.314Z","JNR, MOBILE","JNR, MOBILE","","","","","","","","","",""
"586","74","2026-05-19T18:30:00.000Z","2026-05-20T08:01:45.431Z","2026-05-20T15:36:30.596Z","OUT","true","2026-05-20T08:01:45.437Z","2026-05-20T08:01:45.431Z","2026-05-20T15:36:30.596Z","JNR, MOBILE","JNR, MOBILE","","","","","","","","","","","","","","","","","",""
"612","58","2026-05-20T18:30:00.000Z","2026-05-21T01:34:26.040Z","2026-05-21T15:37:38.539Z","OUT","true","2026-05-21T01:34:26.044Z","2026-05-21T01:34:26.040Z","2026-05-21T03:47:40.341Z","JNR, MOBILE","JNR, MOBILE","2026-05-21T05:40:39.529Z","2026-05-21T05:40:21.251Z","JNR, MOBILE","JNR, MOBILE","2026-05-21T10:16:15.209Z","2026-05-21T15:37:38.539Z","JNR, MOBILE","JNR, MOBILE","","","","","","","","","",""
"626","55","2026-05-20T18:30:00.000Z","2026-05-21T04:17:39.258Z","2026-05-21T12:30:54.796Z","OUT","false","2026-05-21T04:17:39.263Z","2026-05-21T04:17:39.258Z","2026-05-21T12:30:54.796Z","JNR, MOBILE","JNR, MOBILE","","","","","","","","","","","","","","","","","",""
"630","63","2026-05-20T18:30:00.000Z","2026-05-21T05:26:04.066Z","2026-05-21T10:30:50.651Z","OUT","true","2026-05-21T05:26:04.073Z","2026-05-21T05:26:04.066Z","2026-05-21T10:30:50.651Z","HNM","HNM","","","","","","","","","","","","","","","","","",""
"616","62","2026-05-20T18:30:00.000Z","2026-05-21T01:54:16.175Z","2026-05-21T10:41:50.965Z","OUT","true","2026-05-21T01:54:16.181Z","2026-05-21T01:54:16.175Z","2026-05-21T10:41:50.965Z","HNM","HNM","","","","","","","","","","","","","","","","","",""
"624","75","2026-05-20T18:30:00.000Z","2026-05-21T03:16:44.622Z","2026-05-21T13:30:42.739Z","OUT","false","2026-05-21T03:16:44.630Z","2026-05-21T03:16:44.622Z","2026-05-21T13:30:42.739Z","JNR, MOBILE","JNR, MOBILE","","","","","","","","","","","","","","","","","",""
"617","66","2026-05-20T18:30:00.000Z","2026-05-21T02:00:44.103Z","2026-05-21T14:30:02.090Z","OUT","false","2026-05-21T02:00:44.108Z","2026-05-21T02:00:44.103Z","2026-05-21T14:30:02.090Z","HNM","HNM","","","","","","","","","","","","","","","","","",""
"615","57","2026-05-20T18:30:00.000Z","2026-05-21T01:42:46.535Z","2026-05-21T14:30:10.569Z","OUT","true","2026-05-21T01:42:46.542Z","2026-05-21T01:42:46.535Z","2026-05-21T03:35:38.354Z","HNM","HNM","2026-05-21T11:07:02.280Z","2026-05-21T14:30:10.569Z","HNM","HNM","","","","","","","","","","","","","",""
"606","40","2026-05-20T18:30:00.000Z","2026-05-21T01:21:47.606Z","2026-05-21T08:51:12.160Z","OUT","false","2026-05-21T01:21:47.617Z","2026-05-21T01:21:47.606Z","2026-05-21T08:51:12.160Z","HNM","HNM","","","","","","","","","","","","","","","","","",""
"608","71","2026-05-20T18:30:00.000Z","2026-05-21T01:29:28.274Z","2026-05-21T08:52:33.653Z","OUT","false","2026-05-21T01:29:28.280Z","2026-05-21T01:29:28.274Z","2026-05-21T08:52:33.653Z","JNR","JNR","","","","","","","","","","","","","","","","","",""
"618","48","2026-05-20T18:30:00.000Z","2026-05-21T02:18:55.218Z","2026-05-21T14:30:16.206Z","OUT","true","2026-05-21T02:18:55.622Z","2026-05-21T02:18:55.218Z","2026-05-21T10:48:33.601Z","JNR","JNR","2026-05-21T10:48:40.172Z","2026-05-21T14:30:16.206Z","JNR","JNR","","","","","","","","","","","","","",""
"610","47","2026-05-20T18:30:00.000Z","2026-05-21T01:32:07.608Z","2026-05-21T11:31:50.345Z","OUT","true","2026-05-21T01:32:07.613Z","2026-05-21T01:32:07.608Z","2026-05-21T11:31:50.345Z","JNR","JNR","","","","","","","","","","","","","","","","","",""
"605","64","2026-05-20T18:30:00.000Z","2026-05-21T00:58:21.942Z","2026-05-21T14:32:00.146Z","OUT","false","2026-05-21T00:58:21.952Z","2026-05-21T00:58:21.942Z","2026-05-21T07:38:22.292Z","HNM","HNM","2026-05-21T09:26:39.583Z","2026-05-21T14:32:00.146Z","HNM","HNM","","","","","","","","","","","","","",""
"614","60","2026-05-20T18:30:00.000Z","2026-05-21T01:39:20.462Z","2026-05-21T14:32:12.359Z","OUT","true","2026-05-21T01:39:20.476Z","2026-05-21T10:04:21.390Z","2026-05-21T14:32:12.359Z","JNR","JNR","","","","","","","","","","","","","","","","","",""
"646","72","2026-05-20T18:30:00.000Z","2026-05-21T10:28:43.003Z","2026-05-21T14:33:01.473Z","OUT","false","2026-05-21T10:28:43.010Z","2026-05-21T10:28:43.003Z","2026-05-21T14:33:01.473Z","JNR, MOBILE","JNR, MOBILE","","","","","","","","","","","","","","","","","",""
"623","54","2026-05-20T18:30:00.000Z","2026-05-21T03:06:11.024Z","2026-05-21T11:31:54.081Z","OUT","false","2026-05-21T03:06:11.029Z","2026-05-21T03:06:11.024Z","2026-05-21T11:31:54.081Z","JNR","JNR","","","","","","","","","","","","","","","","","",""
"656","64","2026-05-21T18:30:00.000Z","2026-05-22T01:07:53.706Z","2026-05-22T14:31:07.300Z","OUT","false","2026-05-22T01:07:53.714Z","2026-05-22T01:07:53.706Z","2026-05-22T07:32:12.449Z","HNM","HNM","2026-05-22T09:23:36.121Z","2026-05-22T14:31:07.300Z","HNM","HNM","","","","","","","","","","","","","",""
"613","51","2026-05-20T18:30:00.000Z","2026-05-21T01:38:16.853Z","2026-05-21T14:33:38.441Z","OUT","true","2026-05-21T01:38:16.858Z","2026-05-21T01:38:16.853Z","2026-05-21T02:32:24.292Z","JNR","JNR","2026-05-21T05:38:41.081Z","2026-05-21T14:33:38.441Z","JNR","JNR","","","","","","","","","","","","","",""
"628","50","2026-05-20T18:30:00.000Z","2026-05-21T04:52:08.513Z","2026-05-21T12:14:06.279Z","OUT","true","2026-05-21T04:52:08.522Z","2026-05-21T04:52:08.513Z","2026-05-21T12:14:06.279Z","JNR","JNR","","","","","","","","","","","","","","","","","",""
"621","53","2026-05-20T18:30:00.000Z","2026-05-21T02:52:07.434Z","2026-05-21T14:34:05.471Z","OUT","false","2026-05-21T02:52:07.444Z","2026-05-21T02:52:07.434Z","2026-05-21T14:34:05.471Z","HNM","HNM","","","","","","","","","","","","","","","","","",""
"629","45","2026-05-20T18:30:00.000Z","2026-05-21T05:16:14.321Z","2026-05-21T14:37:06.500Z","OUT","false","2026-05-21T05:16:14.517Z","2026-05-21T05:16:14.321Z","2026-05-21T14:37:06.500Z","JNR","JNR","","","","","","","","","","","","","","","","","",""
"607","41","2026-05-20T18:30:00.000Z","2026-05-21T01:28:38.028Z","2026-05-21T14:51:51.216Z","OUT","false","2026-05-21T01:28:38.034Z","2026-05-21T01:28:38.028Z","2026-05-21T14:51:51.216Z","JNR, MOBILE","JNR, MOBILE","","","","","","","","","","","","","","","","","",""
"611","52","2026-05-20T18:30:00.000Z","2026-05-21T01:34:20.574Z","2026-05-21T15:28:31.485Z","OUT","false","2026-05-21T01:34:20.581Z","2026-05-21T01:34:20.574Z","2026-05-21T15:28:31.485Z","HNM","HNM","","","","","","","","","","","","","","","","","",""
"625","59","2026-05-20T18:30:00.000Z","2026-05-21T04:07:52.066Z","2026-05-21T15:30:13.604Z","OUT","false","2026-05-21T04:07:52.076Z","2026-05-21T04:07:52.066Z","2026-05-21T15:30:13.604Z","HNM","HNM","","","","","","","","","","","","","","","","","",""
"664","62","2026-05-21T18:30:00.000Z","2026-05-22T01:38:47.502Z","2026-05-22T10:30:28.697Z","OUT","true","2026-05-22T01:38:47.508Z","2026-05-22T01:38:47.502Z","2026-05-22T10:30:28.697Z","HNM","HNM","","","","","","","","","","","","","","","","","",""
"660","47","2026-05-21T18:30:00.000Z","2026-05-22T01:34:15.209Z","2026-05-22T11:38:09.240Z","OUT","true","2026-05-22T01:34:15.214Z","2026-05-22T01:34:15.209Z","2026-05-22T11:38:09.240Z","JNR","JNR","","","","","","","","","","","","","","","","","",""
"673","53","2026-05-21T18:30:00.000Z","2026-05-22T04:06:49.977Z","2026-05-22T14:31:11.962Z","OUT","true","2026-05-22T04:06:49.984Z","2026-05-22T04:06:49.977Z","2026-05-22T14:31:11.962Z","HNM","HNM","","","","","","","","","","","","","","","","","",""
"676","50","2026-05-21T18:30:00.000Z","2026-05-22T05:04:11.056Z","","IN","true","2026-05-22T05:04:11.063Z","2026-05-22T05:04:11.056Z","","HNM","","","","","","","","","","","","","","","","","","",""
"672","75","2026-05-21T18:30:00.000Z","2026-05-22T03:32:00.983Z","2026-05-22T13:36:30.285Z","OUT","true","2026-05-22T03:32:00.991Z","2026-05-22T03:32:00.983Z","2026-05-22T13:36:30.285Z","JNR, MOBILE","JNR, MOBILE","","","","","","","","","","","","","","","","","",""
"677","56","2026-05-21T18:30:00.000Z","2026-05-22T05:26:27.269Z","2026-05-22T14:36:11.401Z","OUT","false","2026-05-22T05:26:27.275Z","2026-05-22T05:26:27.269Z","2026-05-22T14:36:11.401Z","HNM","HNM","","","","","","","","","","","","","","","","","",""
"661","63","2026-05-21T18:30:00.000Z","2026-05-22T01:35:08.654Z","2026-05-22T06:09:53.945Z","OUT","true","2026-05-22T01:35:08.659Z","2026-05-22T01:35:08.654Z","2026-05-22T06:09:53.945Z","HNM","HNM","","","","","","","","","","","","","","","","","",""
"663","58","2026-05-21T18:30:00.000Z","2026-05-22T01:35:22.451Z","2026-05-22T03:09:36.655Z","IN","true","2026-05-22T01:35:22.456Z","2026-05-22T01:35:22.451Z","2026-05-22T03:09:36.655Z","JNR, MOBILE","JNR, MOBILE","2026-05-22T06:11:19.987Z","","JNR, MOBILE","","","","","","","","","","","","","","",""
"638","43","2026-05-20T18:30:00.000Z","2026-05-21T04:00:00.000Z","2026-05-21T11:00:00.000Z","OUT","false","2026-05-21T08:44:49.323Z","2026-05-21T04:00:00.000Z","2026-05-21T11:00:00.000Z","JNR","JNR","","","","","","","","","","","","","","St. Francis College 8:30 am class","","","",""
"674","59","2026-05-21T18:30:00.000Z","2026-05-22T04:07:27.545Z","2026-05-22T15:30:47.097Z","OUT","false","2026-05-22T04:07:27.553Z","2026-05-22T04:07:27.545Z","2026-05-22T15:30:47.097Z","HNM","HNM","","","","","","","","","","","","","","","","","",""
"659","71","2026-05-21T18:30:00.000Z","2026-05-22T01:31:51.395Z","2026-05-22T08:40:01.527Z","OUT","true","2026-05-22T01:31:51.400Z","2026-05-22T01:31:51.395Z","2026-05-22T08:40:01.527Z","JNR","JNR","","","","","","","","","","","","","","","","","",""
"670","54","2026-05-21T18:30:00.000Z","2026-05-22T03:16:02.609Z","2026-05-22T11:31:07.197Z","OUT","false","2026-05-22T03:16:02.616Z","2026-05-22T03:16:02.609Z","2026-05-22T11:31:07.197Z","JNR","JNR","","","","","","","","","","","","","","","","","",""
"675","55","2026-05-21T18:30:00.000Z","2026-05-22T04:30:09.911Z","2026-05-22T12:26:29.365Z","OUT","true","2026-05-22T04:30:09.921Z","2026-05-22T04:30:09.911Z","2026-05-22T12:26:29.365Z","JNR, MOBILE","JNR, MOBILE","","","","","","","","","","","","","","","","","",""
"681","49","2026-05-21T18:30:00.000Z","2026-05-22T07:04:08.983Z","2026-05-22T14:24:24.626Z","OUT","true","2026-05-22T07:04:08.993Z","2026-05-22T07:04:08.983Z","2026-05-22T14:24:24.626Z","HNM, MOBILE","HNM, MOBILE","","","","","","","","","","","","","","","","","",""
"668","66","2026-05-21T18:30:00.000Z","2026-05-22T02:12:39.267Z","2026-05-22T14:30:03.462Z","OUT","false","2026-05-22T02:12:39.272Z","2026-05-22T02:12:39.267Z","2026-05-22T14:30:03.462Z","JNR","JNR","","","","","","","","","","","","","","","","","",""
"665","48","2026-05-21T18:30:00.000Z","2026-05-22T01:44:42.163Z","2026-05-22T14:30:16.310Z","OUT","true","2026-05-22T01:44:42.172Z","2026-05-22T01:44:42.163Z","2026-05-22T05:33:12.753Z","JNR","JNR","2026-05-22T10:07:15.384Z","2026-05-22T14:30:16.310Z","JNR","JNR","","","","","","","","","","","","","",""
"662","51","2026-05-21T18:30:00.000Z","2026-05-22T01:35:10.763Z","2026-05-22T14:32:27.052Z","OUT","true","2026-05-22T01:35:10.768Z","2026-05-22T01:35:10.763Z","2026-05-22T02:35:02.958Z","JNR","JNR","2026-05-22T05:37:28.631Z","2026-05-22T14:32:27.052Z","JNR","JNR","","","","","","","","","","","","","",""
"679","45","2026-05-21T18:30:00.000Z","2026-05-22T05:40:23.074Z","2026-05-22T14:44:04.751Z","OUT","true","2026-05-22T05:40:23.082Z","2026-05-22T05:40:23.074Z","2026-05-22T14:44:04.751Z","JNR","JNR","","","","","","","","","","","","","","","","","",""
"657","41","2026-05-21T18:30:00.000Z","2026-05-22T01:08:06.641Z","2026-05-22T15:26:30.912Z","OUT","false","2026-05-22T01:08:06.646Z","2026-05-22T01:08:06.641Z","2026-05-22T15:26:30.912Z","HNM, MOBILE","HNM, MOBILE","","","","","","","","","","","","","","","","","",""
"655","65","2026-05-21T18:30:00.000Z","2026-05-22T01:03:27.319Z","2026-05-22T15:30:19.749Z","OUT","false","2026-05-22T01:03:27.522Z","2026-05-22T01:03:27.319Z","2026-05-22T08:31:01.050Z","HNM","HNM","2026-05-22T09:23:42.268Z","2026-05-22T15:30:19.749Z","HNM","HNM","","","","","","","","","","","","","",""
"695","72","2026-05-21T18:30:00.000Z","2026-05-22T10:21:26.794Z","2026-05-22T14:33:59.200Z","OUT","false","2026-05-22T10:21:26.799Z","2026-05-22T10:21:26.794Z","2026-05-22T14:33:59.200Z","JNR, MOBILE","JNR, MOBILE","","","","","","","","","","","","","","","","","",""
"666","42","2026-05-21T18:30:00.000Z","2026-05-22T01:51:10.764Z","2026-05-22T15:06:21.089Z","OUT","false","2026-05-22T01:51:10.769Z","2026-05-22T01:51:10.764Z","2026-05-22T15:06:21.089Z","HNM","HNM","","","","","","","","","","","","","","","","","",""
"722","50","2026-05-22T18:30:00.000Z","2026-05-23T04:39:00.000Z","2026-05-23T12:00:00.000Z","OUT","true","2026-05-23T04:39:55.296Z","2026-05-23T04:39:00.000Z","2026-05-23T12:00:00.000Z","HNM","","","","","","","","","","","","","","","forgot to punch out so KK punched","","","",""
"682","74","2026-05-21T18:30:00.000Z","2026-05-22T07:53:59.786Z","2026-05-22T15:30:02.640Z","OUT","true","2026-05-22T07:53:59.900Z","2026-05-22T07:53:59.786Z","2026-05-22T15:30:02.640Z","JNR, MOBILE","JNR, MOBILE","","","","","","","","","","","","","","","","","",""
"692","60","2026-05-21T18:30:00.000Z","2026-05-22T10:04:55.868Z","2026-05-22T15:30:09.782Z","OUT","true","2026-05-22T10:04:55.876Z","2026-05-22T10:04:55.868Z","2026-05-22T15:30:09.782Z","HNM","HNM","","","","","","","","","","","","","","","","","",""
"667","57","2026-05-21T18:30:00.000Z","2026-05-22T01:52:39.854Z","2026-05-22T15:31:38.713Z","OUT","true","2026-05-22T01:52:39.861Z","2026-05-22T01:52:39.854Z","2026-05-22T04:02:43.839Z","HNM","HNM","2026-05-22T09:15:39.712Z","2026-05-22T15:31:38.713Z","HNM","HNM","","","","","","","","","","","","","",""
"658","40","2026-05-21T18:30:00.000Z","2026-05-22T01:31:23.134Z","2026-05-22T15:45:52.037Z","OUT","true","2026-05-22T01:31:23.141Z","2026-05-22T01:31:23.134Z","2026-05-22T02:56:28.924Z","HNM","HNM","2026-05-22T10:00:17.901Z","2026-05-22T15:45:52.037Z","HNM","HNM","","","","","","","","","","","","","",""
"735","45","2026-05-22T18:30:00.000Z","2026-05-23T05:30:18.222Z","2026-05-23T14:44:44.252Z","OUT","true","2026-05-23T05:30:18.230Z","2026-05-23T05:30:18.222Z","2026-05-23T14:44:44.252Z","JNR","JNR","","","","","","","","","","","","","","","","","",""
"713","67","2026-05-22T18:30:00.000Z","2026-05-23T03:07:05.084Z","2026-05-23T15:29:05.686Z","OUT","true","2026-05-23T03:07:05.095Z","2026-05-23T03:07:05.084Z","2026-05-23T06:51:06.783Z","HNM, MOBILE","HNM, MOBILE","2026-05-23T10:09:11.224Z","2026-05-23T15:29:05.686Z","HNM, MOBILE","HNM","","","","","","","","","","","","","",""
"715","75","2026-05-22T18:30:00.000Z","2026-05-23T03:18:53.102Z","","IN","false","2026-05-23T03:18:53.111Z","2026-05-23T03:18:53.102Z","","JNR, MOBILE","","","","","","","","","","","","","","","","","","",""
"753","58","2026-05-23T18:30:00.000Z","2026-05-24T03:40:59.446Z","2026-05-24T07:55:19.315Z","OUT","true","2026-05-24T03:40:59.453Z","2026-05-24T03:40:59.446Z","2026-05-24T07:55:19.315Z","JNR","JNR","","","","","","","","","","","","","","","","","",""
"701","63","2026-05-22T18:30:00.000Z","2026-05-23T01:31:04.903Z","2026-05-23T03:55:39.239Z","OUT","true","2026-05-23T01:31:04.910Z","2026-05-23T01:31:04.903Z","2026-05-23T03:55:39.239Z","HNM","HNM","","","","","","","","","","","","","","","","","",""
"716","80","2026-05-22T18:30:00.000Z","2026-05-23T03:56:53.660Z","","IN","true","2026-05-23T03:56:53.667Z","2026-05-23T03:56:53.660Z","","JNR, MOBILE","","","","","","","","","","","","","","","","","","",""
"719","59","2026-05-22T18:30:00.000Z","2026-05-23T04:04:44.921Z","2026-05-23T15:30:33.008Z","OUT","false","2026-05-23T04:04:44.926Z","2026-05-23T04:04:44.921Z","2026-05-23T15:30:33.008Z","HNM","HNM","","","","","","","","","","","","","","","","","",""
"684","43","2026-05-21T18:30:00.000Z","2026-05-22T04:00:00.000Z","2026-05-22T13:00:00.000Z","OUT","false","2026-05-22T08:39:58.832Z","2026-05-22T04:00:00.000Z","2026-05-22T13:00:00.000Z","JNR","JNR","","","","","","","","","","","","","","8:30 am St. Francis College","","","",""
"711","56","2026-05-22T18:30:00.000Z","2026-05-23T02:36:56.389Z","2026-05-23T15:30:37.085Z","OUT","true","2026-05-23T02:36:56.394Z","2026-05-23T02:36:56.389Z","2026-05-23T07:05:52.959Z","HNM","HNM","2026-05-23T08:30:53.586Z","2026-05-23T15:30:37.085Z","HNM","HNM","","","","","","","","","","","","","",""
"703","57","2026-05-22T18:30:00.000Z","2026-05-23T01:43:10.606Z","2026-05-23T15:30:46.744Z","OUT","true","2026-05-23T01:43:10.611Z","2026-05-23T01:43:10.606Z","2026-05-23T05:31:39.252Z","HNM","HNM","2026-05-23T10:03:29.865Z","2026-05-23T15:30:46.744Z","HNM","HNM","","","","","","","","","","","","","",""
"710","65","2026-05-22T18:30:00.000Z","2026-05-23T02:26:52.506Z","2026-05-23T15:31:04.884Z","OUT","false","2026-05-23T02:26:52.514Z","2026-05-23T02:26:52.506Z","2026-05-23T08:32:04.778Z","HNM","HNM","2026-05-23T09:28:12.134Z","2026-05-23T15:31:04.884Z","HNM","HNM","","","","","","","","","","","","","",""
"739","74","2026-05-22T18:30:00.000Z","2026-05-23T07:50:00.756Z","2026-05-23T15:34:08.772Z","OUT","true","2026-05-23T07:50:00.827Z","2026-05-23T07:50:00.756Z","2026-05-23T15:34:08.772Z","JNR, MOBILE","JNR","","","","","","","","","","","","","","","","","",""
"700","71","2026-05-22T18:30:00.000Z","2026-05-23T01:30:31.381Z","2026-05-23T08:39:51.418Z","OUT","true","2026-05-23T01:30:31.387Z","2026-05-23T01:30:31.381Z","2026-05-23T08:39:51.418Z","JNR","JNR","","","","","","","","","","","","","","","","","",""
"702","40","2026-05-22T18:30:00.000Z","2026-05-23T01:39:06.150Z","2026-05-23T09:00:16.323Z","OUT","true","2026-05-23T01:39:06.157Z","2026-05-23T01:39:06.150Z","2026-05-23T09:00:16.323Z","HNM","HNM","","","","","","","","","","","","","","","","","",""
"698","58","2026-05-22T18:30:00.000Z","2026-05-23T01:27:22.722Z","2026-05-23T15:48:21.688Z","OUT","false","2026-05-23T01:27:22.731Z","2026-05-23T01:27:22.722Z","2026-05-23T03:47:02.821Z","JNR, MOBILE","JNR, MOBILE","2026-05-23T05:16:58.209Z","2026-05-23T08:07:01.141Z","JNR, MOBILE","JNR, MOBILE","2026-05-23T10:13:34.991Z","2026-05-23T15:48:21.688Z","JNR, MOBILE","JNR","","","","","","","","","",""
"737","49","2026-05-22T18:30:00.000Z","2026-05-23T07:00:00.000Z","2026-05-23T14:30:00.000Z","OUT","false","2026-05-23T07:06:15.458Z","2026-05-23T07:00:00.000Z","2026-05-23T14:30:00.000Z","JNR, MOBILE","","","","","","","","","","","","","","","","","","",""
"699","41","2026-05-22T18:30:00.000Z","2026-05-23T01:27:42.220Z","2026-05-23T07:30:23.994Z","OUT","false","2026-05-23T01:27:42.227Z","2026-05-23T01:27:42.220Z","2026-05-23T07:30:23.994Z","JNR, MOBILE","JNR, MOBILE","","","","","","","","","","","","","","","","","",""
"749","72","2026-05-22T18:30:00.000Z","2026-05-23T10:27:49.737Z","","IN","false","2026-05-23T10:27:49.744Z","2026-05-23T10:27:49.737Z","","JNR, MOBILE","","","","","","","","","","","","","","","","","","",""
"757","51","2026-05-23T18:30:00.000Z","2026-05-24T05:04:37.947Z","2026-05-24T07:05:51.864Z","OUT","true","2026-05-24T05:04:38.028Z","2026-05-24T05:04:37.947Z","2026-05-24T07:05:51.864Z","JNR","JNR","","","","","","","","","","","","","","","","","",""
"707","62","2026-05-22T18:30:00.000Z","2026-05-23T01:50:17.931Z","2026-05-23T10:31:48.926Z","OUT","true","2026-05-23T01:50:17.938Z","2026-05-23T01:50:17.931Z","2026-05-23T10:31:48.926Z","HNM","HNM","","","","","","","","","","","","","","","","","",""
"717","43","2026-05-22T18:30:00.000Z","2026-05-23T04:02:06.150Z","2026-05-23T11:11:06.855Z","OUT","true","2026-05-23T04:02:06.153Z","2026-05-23T04:02:06.150Z","2026-05-23T11:11:06.855Z","JNR","JNR","","","","","","","","","","","","","","","","","",""
"755","72","2026-05-23T18:30:00.000Z","2026-05-24T03:48:50.584Z","2026-05-24T07:30:23.651Z","OUT","true","2026-05-24T03:48:50.595Z","2026-05-24T03:48:50.584Z","2026-05-24T07:30:23.651Z","JNR","JNR","","","","","","","","","","","","","","","","","",""
"714","54","2026-05-22T18:30:00.000Z","2026-05-23T03:18:48.235Z","2026-05-23T11:30:29.196Z","OUT","false","2026-05-23T03:18:48.246Z","2026-05-23T03:18:48.235Z","2026-05-23T11:30:29.196Z","JNR","JNR","","","","","","","","","","","","","","","","","",""
"704","47","2026-05-22T18:30:00.000Z","2026-05-23T01:43:23.359Z","2026-05-23T11:42:18.612Z","OUT","true","2026-05-23T01:43:23.363Z","2026-05-23T01:43:23.359Z","2026-05-23T11:42:18.612Z","JNR","JNR","","","","","","","","","","","","","","","","","",""
"708","66","2026-05-22T18:30:00.000Z","2026-05-23T01:53:17.439Z","2026-05-23T14:30:02.821Z","OUT","false","2026-05-23T01:53:17.443Z","2026-05-23T01:53:17.439Z","2026-05-23T14:30:02.821Z","HNM","HNM","","","","","","","","","","","","","","","","","",""
"706","48","2026-05-22T18:30:00.000Z","2026-05-23T01:45:19.011Z","2026-05-23T14:30:06.791Z","OUT","true","2026-05-23T01:45:19.017Z","2026-05-23T01:45:19.011Z","2026-05-23T05:32:06.324Z","JNR","JNR","2026-05-23T10:02:34.008Z","2026-05-23T14:30:06.791Z","JNR","JNR","","","","","","","","","","","","","",""
"697","64","2026-05-22T18:30:00.000Z","2026-05-23T01:16:42.023Z","2026-05-23T14:30:07.502Z","OUT","false","2026-05-23T01:16:42.032Z","2026-05-23T01:16:42.023Z","2026-05-23T07:28:55.528Z","HNM","HNM","2026-05-23T09:28:12.129Z","2026-05-23T14:30:07.502Z","HNM","HNM","","","","","","","","","","","","","",""
"705","51","2026-05-22T18:30:00.000Z","2026-05-23T01:44:59.016Z","2026-05-23T14:32:15.194Z","OUT","true","2026-05-23T01:44:59.027Z","2026-05-23T01:44:59.016Z","2026-05-23T02:39:54.841Z","JNR","JNR","2026-05-23T05:37:37.879Z","2026-05-23T14:32:15.194Z","JNR","JNR","","","","","","","","","","","","","",""
"754","59","2026-05-23T18:30:00.000Z","2026-05-24T03:45:24.908Z","2026-05-24T07:30:56.513Z","OUT","true","2026-05-24T03:45:24.914Z","2026-05-24T03:45:24.908Z","2026-05-24T07:30:56.513Z","HNM","HNM","","","","","","","","","","","","","","","","","",""
"712","53","2026-05-22T18:30:00.000Z","2026-05-23T02:56:36.513Z","2026-05-23T14:34:36.333Z","OUT","false","2026-05-23T02:56:36.521Z","2026-05-23T02:56:36.513Z","2026-05-23T14:34:36.333Z","HNM","HNM","","","","","","","","","","","","","","","","","",""
"756","57","2026-05-23T18:30:00.000Z","2026-05-24T04:27:25.924Z","2026-05-24T07:31:09.269Z","OUT","true","2026-05-24T04:27:25.933Z","2026-05-24T04:27:25.924Z","2026-05-24T07:31:09.269Z","HNM","HNM","","","","","","","","","","","","","","","","","",""
"752","63","2026-05-23T18:30:00.000Z","2026-05-24T03:31:57.638Z","2026-05-24T07:35:59.722Z","OUT","true","2026-05-24T03:31:57.646Z","2026-05-24T03:31:57.638Z","2026-05-24T07:35:59.722Z","HNM","HNM","","","","","","","","","","","","","","","","","",""
"751","65","2026-05-23T18:30:00.000Z","2026-05-24T03:10:19.346Z","2026-05-24T07:36:31.335Z","OUT","false","2026-05-24T03:10:19.446Z","2026-05-24T03:10:19.346Z","2026-05-24T07:36:31.335Z","HNM","HNM","","","","","","","","","","","","","","","","","",""
"774","54","2026-05-24T18:30:00.000Z","2026-05-25T03:01:24.040Z","2026-05-25T11:29:46.157Z","OUT","false","2026-05-25T03:01:24.049Z","2026-05-25T03:01:24.040Z","2026-05-25T11:29:46.157Z","JNR","JNR","","","","","","","","","","","","","","","","","",""
"768","62","2026-05-24T18:30:00.000Z","2026-05-25T01:46:37.032Z","2026-05-25T10:41:40.243Z","OUT","true","2026-05-25T01:46:37.039Z","2026-05-25T05:19:56.193Z","2026-05-25T10:41:40.243Z","HNM","HNM","","","","","","","","","","","","","","","","","",""
"770","66","2026-05-24T18:30:00.000Z","2026-05-25T01:55:54.031Z","2026-05-25T14:30:22.479Z","OUT","false","2026-05-25T01:55:54.042Z","2026-05-25T01:55:54.031Z","2026-05-25T14:30:22.479Z","JNR","JNR","","","","","","","","","","","","","","","","","",""
"764","63","2026-05-24T18:30:00.000Z","2026-05-25T01:31:01.272Z","2026-05-25T06:13:51.903Z","OUT","true","2026-05-25T01:31:01.277Z","2026-05-25T01:31:01.272Z","2026-05-25T06:13:51.903Z","HNM","HNM","","","","","","","","","","","","","","","","","",""
"781","50","2026-05-24T18:30:00.000Z","2026-05-25T04:32:31.181Z","2026-05-25T12:03:31.616Z","OUT","true","2026-05-25T04:32:31.188Z","2026-05-25T04:32:31.181Z","2026-05-25T12:03:31.616Z","HNM","HNM","","","","","","","","","","","","","","","","","",""
"788","80","2026-05-24T18:30:00.000Z","2026-05-25T07:30:13.434Z","2026-05-25T07:30:32.975Z","OUT","true","2026-05-25T07:30:13.439Z","2026-05-25T07:30:13.434Z","2026-05-25T07:30:32.975Z","JNR","JNR","","","","","","","","","","","","","","","","","",""
"771","65","2026-05-24T18:30:00.000Z","2026-05-25T02:16:45.476Z","2026-05-25T08:30:08.663Z","IN","false","2026-05-25T02:16:45.485Z","2026-05-25T02:16:45.476Z","2026-05-25T08:30:08.663Z","HNM","HNM","2026-05-25T09:27:30.134Z","","HNM","","","","","","","","","","","","","","",""
"794","40","2026-05-24T18:30:00.000Z","2026-05-25T09:52:59.941Z","2026-05-25T15:26:51.293Z","OUT","false","2026-05-25T09:52:59.948Z","","","","","2026-05-25T09:52:59.941Z","2026-05-25T15:26:51.293Z","HNM","HNM","","","","","","","","","","","","","",""
"760","71","2026-05-24T18:30:00.000Z","2026-05-25T01:29:43.319Z","2026-05-25T08:37:51.367Z","OUT","false","2026-05-25T01:29:43.326Z","2026-05-25T01:29:43.319Z","2026-05-25T08:37:51.367Z","JNR","JNR","","","","","","","","","","","","","","","","","",""
"767","47","2026-05-24T18:30:00.000Z","2026-05-25T01:46:13.535Z","2026-05-25T11:30:14.212Z","OUT","true","2026-05-25T01:46:13.540Z","2026-05-25T01:46:13.535Z","2026-05-25T11:30:14.212Z","JNR","JNR","","","","","","","","","","","","","","","","","",""
"778","59","2026-05-24T18:30:00.000Z","2026-05-25T03:57:56.440Z","2026-05-25T09:05:55.847Z","OUT","false","2026-05-25T03:57:56.451Z","2026-05-25T03:57:56.440Z","2026-05-25T09:05:55.847Z","HNM","HNM","","","","","","","","","","","","","","","","","",""
"769","48","2026-05-24T18:30:00.000Z","2026-05-25T01:50:08.281Z","2026-05-25T05:30:16.386Z","IN","true","2026-05-25T01:50:08.289Z","2026-05-25T01:50:08.281Z","2026-05-25T05:30:16.386Z","JNR","JNR","2026-05-25T09:56:17.747Z","","JNR","","","","","","","","","","","","","","",""
"773","42","2026-05-24T18:30:00.000Z","2026-05-25T02:52:40.270Z","2026-05-25T14:36:16.433Z","OUT","true","2026-05-25T02:52:40.278Z","2026-05-25T02:52:40.270Z","2026-05-25T10:03:39.133Z","JNR","JNR","2026-05-25T10:03:47.549Z","2026-05-25T14:36:16.433Z","JNR","JNR","","","","","","","","","","","","","",""
"765","44","2026-05-24T18:30:00.000Z","2026-05-25T01:31:47.254Z","2026-05-25T10:01:03.468Z","OUT","true","2026-05-25T01:31:47.258Z","2026-05-25T01:31:47.254Z","2026-05-25T10:01:03.468Z","JNR","JNR","","","","","","","","","","","","","","","","","",""
"772","56","2026-05-24T18:30:00.000Z","2026-05-25T02:31:53.507Z","2026-05-25T15:31:03.868Z","OUT","true","2026-05-25T02:31:53.515Z","2026-05-25T02:31:53.507Z","2026-05-25T07:17:12.707Z","HNM","HNM","2026-05-25T11:51:30.543Z","2026-05-25T15:31:03.868Z","HNM","HNM","","","","","","","","","","","","","",""
"785","45","2026-05-24T18:30:00.000Z","2026-05-25T05:35:30.992Z","2026-05-25T14:37:00.680Z","OUT","true","2026-05-25T05:35:31.008Z","2026-05-25T05:35:30.992Z","2026-05-25T14:37:00.680Z","JNR","JNR","","","","","","","","","","","","","","","","","",""
"777","52","2026-05-24T18:30:00.000Z","2026-05-25T03:20:45.869Z","2026-05-25T12:47:02.819Z","OUT","false","2026-05-25T03:20:45.876Z","2026-05-25T03:20:45.869Z","2026-05-25T12:47:02.819Z","HNM","HNM","","","","","","","","","","","","","","","","","",""
"779","43","2026-05-24T18:30:00.000Z","2026-05-25T04:04:40.264Z","2026-05-25T13:00:26.555Z","OUT","true","2026-05-25T04:04:40.275Z","2026-05-25T04:04:40.264Z","2026-05-25T13:00:26.555Z","JNR","JNR","","","","","","","","","","","","","","","","","",""
"776","75","2026-05-24T18:30:00.000Z","2026-05-25T03:17:30.783Z","2026-05-25T13:29:16.291Z","OUT","false","2026-05-25T03:17:30.788Z","2026-05-25T03:17:30.783Z","2026-05-25T13:29:16.291Z","JNR","JNR","","","","","","","","","","","","","","","","","",""
"787","49","2026-05-24T18:30:00.000Z","2026-05-25T07:05:42.069Z","2026-05-25T14:26:07.117Z","OUT","true","2026-05-25T07:05:42.080Z","2026-05-25T07:05:42.069Z","2026-05-25T14:26:07.117Z","JNR","JNR","","","","","","","","","","","","","","","","","",""
"766","51","2026-05-24T18:30:00.000Z","2026-05-25T01:34:09.323Z","2026-05-25T14:27:18.523Z","OUT","true","2026-05-25T01:34:09.348Z","2026-05-25T01:34:09.323Z","2026-05-25T02:31:40.846Z","JNR","JNR","2026-05-25T05:37:14.508Z","2026-05-25T14:27:18.523Z","JNR","JNR","","","","","","","","","","","","","",""
"780","53","2026-05-24T18:30:00.000Z","2026-05-25T04:07:22.003Z","2026-05-25T14:32:28.741Z","OUT","true","2026-05-25T04:07:22.009Z","2026-05-25T04:07:22.003Z","2026-05-25T14:32:28.741Z","HNM","HNM","","","","","","","","","","","","","","","","","",""
"796","60","2026-05-24T18:30:00.000Z","2026-05-25T10:03:16.240Z","2026-05-25T15:28:03.167Z","OUT","true","2026-05-25T10:03:16.251Z","2026-05-25T10:03:16.240Z","2026-05-25T15:28:03.167Z","HNM","HNM","","","","","","","","","","","","","","","","","",""
"789","74","2026-05-24T18:30:00.000Z","2026-05-25T07:51:19.662Z","2026-05-25T15:20:10.250Z","OUT","true","2026-05-25T07:51:19.673Z","2026-05-25T07:51:19.662Z","2026-05-25T15:20:10.250Z","JNR","JNR","","","","","","","","","","","","","","","","","",""
"775","67","2026-05-24T18:30:00.000Z","2026-05-25T03:17:10.621Z","2026-05-25T15:28:06.502Z","OUT","true","2026-05-25T03:17:10.628Z","2026-05-25T03:17:10.621Z","2026-05-25T06:49:56.340Z","HNM","HNM","2026-05-25T10:04:28.798Z","2026-05-25T15:28:06.502Z","HNM","HNM","","","","","","","","","","","","","",""
"1015","66","2026-05-29T18:30:00.000Z","2026-05-30T02:06:51.643Z","2026-05-30T14:31:10.888Z","OUT","false","2026-05-30T02:06:51.646Z","2026-05-30T02:06:51.643Z","2026-05-30T14:31:10.888Z","HNM","HNM","","","","","","","","","","","","","","","","","",""
"1153","66","2026-06-01T18:30:00.000Z","2026-06-02T02:21:54.862Z","2026-06-02T14:30:02.317Z","OUT","false","2026-06-02T02:21:54.872Z","2026-06-02T02:21:54.862Z","2026-06-02T14:30:02.317Z","JNR","JNR","","","","","","","","","","","","","","","","","",""
"758","64","2026-05-24T18:30:00.000Z","2026-05-25T01:07:39.809Z","2026-05-25T14:33:47.397Z","OUT","false","2026-05-25T01:07:39.802Z","2026-05-25T01:07:39.809Z","2026-05-25T07:42:57.484Z","HNM","HNM","2026-05-25T09:27:14.092Z","2026-05-25T14:33:47.397Z","HNM","HNM","","","","","","","","","","","","","",""
"801","72","2026-05-24T18:30:00.000Z","2026-05-25T10:22:08.586Z","2026-05-25T14:33:51.073Z","OUT","false","2026-05-25T10:22:08.597Z","2026-05-25T10:22:08.586Z","2026-05-25T14:33:51.073Z","JNR","JNR","","","","","","","","","","","","","","","","","",""
"802","61","2026-05-24T18:30:00.000Z","2026-05-25T10:22:24.557Z","2026-05-25T15:27:37.601Z","OUT","false","2026-05-25T10:22:24.564Z","2026-05-25T10:22:24.557Z","2026-05-25T15:27:37.601Z","HNM","HNM","","","","","","","","","","","","","","","","","",""
"761","58","2026-05-24T18:30:00.000Z","2026-05-25T01:29:46.944Z","2026-05-25T15:35:45.319Z","OUT","false","2026-05-25T01:29:46.944Z","2026-05-25T01:29:46.944Z","2026-05-25T05:04:20.914Z","JNR","JNR","2026-05-25T05:04:27.389Z","2026-05-25T08:11:53.331Z","JNR","JNR","2026-05-25T10:16:55.083Z","2026-05-25T15:35:45.319Z","JNR","JNR","","","","","","","","","",""
"851","60","2026-05-25T18:30:00.000Z","2026-05-26T10:03:49.646Z","2026-05-26T15:31:02.882Z","OUT","true","2026-05-26T10:03:49.651Z","2026-05-26T10:03:49.646Z","2026-05-26T15:31:02.882Z","HNM","HNM","","","","","","","","","","","","","","","","","",""
"818","65","2026-05-25T18:30:00.000Z","2026-05-26T02:18:11.778Z","2026-05-26T15:31:44.648Z","OUT","false","2026-05-26T02:18:11.785Z","2026-05-26T02:18:11.778Z","2026-05-26T08:39:51.545Z","HNM","HNM","2026-05-26T09:05:43.431Z","2026-05-26T15:31:44.648Z","HNM","HNM","","","","","","","","","","","","","",""
"809","58","2026-05-25T18:30:00.000Z","2026-05-26T01:34:00.297Z","2026-05-26T15:36:31.591Z","OUT","true","2026-05-26T01:34:00.296Z","2026-05-26T01:34:00.297Z","2026-05-26T03:55:59.780Z","JNR","JNR","2026-05-26T05:04:56.597Z","2026-05-26T08:06:22.142Z","JNR","JNR","2026-05-26T10:05:08.947Z","2026-05-26T15:36:31.591Z","JNR","JNR","","","","","","","","","",""
"804","40","2026-05-25T18:30:00.000Z","2026-05-26T01:20:01.355Z","2026-05-26T15:38:07.751Z","OUT","false","2026-05-26T01:20:01.460Z","2026-05-26T01:20:01.355Z","2026-05-26T02:36:19.548Z","HNM","HNM","2026-05-26T10:01:55.011Z","2026-05-26T15:38:07.751Z","HNM","HNM","","","","","","","","","","","","","",""
"856","61","2026-05-25T18:30:00.000Z","2026-05-26T10:30:34.944Z","","IN","true","2026-05-26T10:30:34.955Z","2026-05-26T10:30:34.944Z","","HNM","","","","","","","","","","","","","","","","","","",""
"816","62","2026-05-25T18:30:00.000Z","2026-05-26T01:54:08.471Z","2026-05-26T10:39:00.346Z","OUT","true","2026-05-26T01:54:08.479Z","2026-05-26T01:54:08.471Z","2026-05-26T10:39:00.346Z","HNM","HNM","","","","","","","","","","","","","","","","","",""
"834","43","2026-05-25T18:30:00.000Z","2026-05-26T04:01:49.092Z","2026-05-26T11:15:48.011Z","OUT","true","2026-05-26T04:01:49.096Z","2026-05-26T04:01:49.092Z","2026-05-26T11:15:48.011Z","JNR","JNR","","","","","","","","","","","","","","","","","",""
"807","47","2026-05-25T18:30:00.000Z","2026-05-26T01:30:33.034Z","2026-05-26T11:31:28.833Z","OUT","true","2026-05-26T01:30:33.040Z","2026-05-26T01:30:33.034Z","2026-05-26T11:31:28.833Z","JNR","JNR","","","","","","","","","","","","","","","","","",""
"823","54","2026-05-25T18:30:00.000Z","2026-05-26T02:55:29.601Z","2026-05-26T11:32:06.575Z","OUT","false","2026-05-26T02:55:29.607Z","2026-05-26T02:55:29.601Z","2026-05-26T11:32:06.575Z","JNR","JNR","","","","","","","","","","","","","","","","","",""
"838","50","2026-05-25T18:30:00.000Z","2026-05-26T04:35:30.634Z","2026-05-26T11:57:15.816Z","OUT","true","2026-05-26T04:35:30.643Z","2026-05-26T04:35:30.634Z","2026-05-26T11:57:15.816Z","JNR","JNR","","","","","","","","","","","","","","","","","",""
"669","67","2026-05-21T18:30:00.000Z","2026-05-22T02:47:30.671Z","2026-05-22T15:30:00.000Z","OUT","true","2026-05-22T02:47:30.678Z","2026-05-22T02:47:30.671Z","2026-05-22T06:46:05.092Z","JNR, MOBILE","JNR, MOBILE","2026-05-22T10:10:00.000Z","2026-05-22T15:30:00.000Z","JNR, MOBILE","JNR, MOBILE","","","","","","","","","","","says; went out for coffee and Usha and SK told him to punch; I said from next time do not punch in and out for coffee breaks or any break","","",""
"839","55","2026-05-25T18:30:00.000Z","2026-05-26T04:52:56.610Z","2026-05-26T12:29:59.971Z","OUT","true","2026-05-26T04:52:56.621Z","2026-05-26T04:52:56.610Z","2026-05-26T12:29:59.971Z","JNR","JNR","","","","","","","","","","","","","","","","","",""
"819","80","2026-05-25T18:30:00.000Z","2026-05-26T02:33:10.004Z","2026-05-26T12:32:56.167Z","OUT","true","2026-05-26T02:33:10.012Z","2026-05-26T02:33:10.004Z","2026-05-26T12:32:56.167Z","JNR","JNR","","","","","","","","","","","","","","","","","",""
"831","52","2026-05-25T18:30:00.000Z","2026-05-26T03:39:10.715Z","2026-05-26T12:49:19.314Z","OUT","true","2026-05-26T03:39:10.802Z","2026-05-26T03:39:10.715Z","2026-05-26T12:49:19.314Z","HNM","HNM","","","","","","","","","","","","","","","","","",""
"808","63","2026-05-25T18:30:00.000Z","2026-05-26T01:31:44.465Z","2026-05-26T05:59:57.458Z","OUT","true","2026-05-26T01:31:44.474Z","2026-05-26T01:31:44.465Z","2026-05-26T05:59:57.458Z","HNM","HNM","","","","","","","","","","","","","","","","","",""
"845","74","2026-05-25T18:30:00.000Z","2026-05-26T07:07:07.837Z","","IN","true","2026-05-26T07:07:07.842Z","2026-05-26T07:07:07.837Z","","JNR","","","","","","","","","","","","","","","","","","",""
"826","75","2026-05-25T18:30:00.000Z","2026-05-26T03:19:34.781Z","2026-05-26T13:30:06.804Z","OUT","false","2026-05-26T03:19:34.786Z","2026-05-26T03:19:34.781Z","2026-05-26T13:30:06.804Z","JNR","JNR","","","","","","","","","","","","","","","","","",""
"844","49","2026-05-25T18:30:00.000Z","2026-05-26T07:02:23.870Z","2026-05-26T14:25:22.978Z","OUT","true","2026-05-26T07:02:23.877Z","2026-05-26T07:02:23.870Z","2026-05-26T14:25:22.978Z","HNM","HNM","","","","","","","","","","","","","","","","","",""
"806","71","2026-05-25T18:30:00.000Z","2026-05-26T01:29:45.948Z","2026-05-26T08:40:55.955Z","OUT","false","2026-05-26T01:29:45.959Z","2026-05-26T01:29:45.948Z","2026-05-26T08:40:55.955Z","JNR","JNR","","","","","","","","","","","","","","","","","",""
"878","42","2026-05-22T18:30:00.000Z","2026-05-23T02:30:00.000Z","2026-05-23T07:00:00.000Z","OUT","false","2026-05-27T02:51:04.165Z","2026-05-23T02:30:00.000Z","2026-05-23T07:00:00.000Z","","","","","","","","","","","","","","","","taken leave but half day present at the center","","","",""
"812","44","2026-05-25T18:30:00.000Z","2026-05-26T01:36:09.990Z","2026-05-26T10:01:40.561Z","OUT","true","2026-05-26T01:36:09.993Z","2026-05-26T01:36:09.990Z","2026-05-26T10:01:40.561Z","JNR","JNR","","","","","","","","","","","","","","","","","",""
"817","66","2026-05-25T18:30:00.000Z","2026-05-26T02:18:10.184Z","2026-05-26T14:30:00.812Z","OUT","false","2026-05-26T02:18:10.190Z","2026-05-26T02:18:10.184Z","2026-05-26T14:30:00.812Z","JNR","JNR","","","","","","","","","","","","","","","","","",""
"811","51","2026-05-25T18:30:00.000Z","2026-05-26T01:34:35.820Z","2026-05-26T14:30:15.540Z","OUT","true","2026-05-26T01:34:35.825Z","2026-05-26T01:34:35.820Z","2026-05-26T02:48:06.362Z","JNR","JNR","2026-05-26T05:35:51.127Z","2026-05-26T14:30:15.540Z","JNR","JNR","","","","","","","","","","","","","",""
"814","57","2026-05-25T18:30:00.000Z","2026-05-26T01:44:17.419Z","2026-05-26T14:30:27.906Z","OUT","true","2026-05-26T01:44:17.430Z","2026-05-26T01:44:17.419Z","2026-05-26T04:02:31.775Z","HNM","HNM","2026-05-26T08:30:20.692Z","2026-05-26T14:30:27.906Z","HNM","HNM","","","","","","","","","","","","","",""
"815","48","2026-05-25T18:30:00.000Z","2026-05-26T01:46:56.122Z","2026-05-26T14:30:41.519Z","OUT","true","2026-05-26T01:46:56.128Z","2026-05-26T01:46:56.122Z","2026-05-26T10:03:27.415Z","JNR","JNR","2026-05-26T10:03:33.817Z","2026-05-26T14:30:41.519Z","JNR","JNR","","","","","","","","","","","","","",""
"837","53","2026-05-25T18:30:00.000Z","2026-05-26T04:28:50.441Z","2026-05-26T14:31:43.878Z","OUT","true","2026-05-26T04:28:50.449Z","2026-05-26T04:28:50.441Z","2026-05-26T14:31:43.878Z","HNM","HNM","","","","","","","","","","","","","","","","","",""
"805","64","2026-05-25T18:30:00.000Z","2026-05-26T01:20:19.810Z","2026-05-26T14:32:51.031Z","OUT","false","2026-05-26T01:20:19.819Z","2026-05-26T01:20:19.810Z","2026-05-26T07:30:43.622Z","HNM","HNM","2026-05-26T09:35:35.940Z","2026-05-26T14:32:51.031Z","HNM","HNM","","","","","","","","","","","","","",""
"855","72","2026-05-25T18:30:00.000Z","2026-05-26T10:30:06.108Z","2026-05-26T14:39:12.569Z","OUT","true","2026-05-26T10:30:06.116Z","2026-05-26T10:30:06.108Z","2026-05-26T14:39:12.569Z","JNR","JNR","","","","","","","","","","","","","","","","","",""
"833","41","2026-05-25T18:30:00.000Z","2026-05-26T03:52:20.699Z","2026-05-26T14:39:40.910Z","OUT","true","2026-05-26T03:52:20.706Z","2026-05-26T03:52:20.699Z","2026-05-26T14:39:40.910Z","JNR","HNM","","","","","","","","","","","","","","","","","",""
"843","45","2026-05-25T18:30:00.000Z","2026-05-26T05:37:11.175Z","2026-05-26T14:54:37.255Z","OUT","true","2026-05-26T05:37:11.183Z","2026-05-26T05:37:11.175Z","2026-05-26T14:54:37.255Z","JNR","JNR","","","","","","","","","","","","","","","","","",""
"820","67","2026-05-25T18:30:00.000Z","2026-05-26T02:45:46.971Z","2026-05-26T15:28:37.643Z","OUT","true","2026-05-26T02:45:46.976Z","2026-05-26T02:45:46.971Z","2026-05-26T07:02:51.704Z","JNR","JNR","2026-05-26T10:09:15.115Z","2026-05-26T15:28:37.643Z","JNR","JNR","","","","","","","","","","","","","",""
"836","59","2026-05-25T18:30:00.000Z","2026-05-26T04:06:44.082Z","2026-05-26T15:30:05.315Z","OUT","false","2026-05-26T04:06:44.091Z","2026-05-26T04:06:44.082Z","2026-05-26T15:30:05.315Z","HNM","HNM","","","","","","","","","","","","","","","","","",""
"841","56","2026-05-25T18:30:00.000Z","2026-05-26T05:23:03.133Z","2026-05-26T15:30:07.485Z","OUT","false","2026-05-26T05:23:03.173Z","2026-05-26T05:23:03.133Z","2026-05-26T15:30:07.485Z","HNM","HNM","","","","","","","","","","","","","","","","","",""
"868","63","2026-05-26T18:30:00.000Z","2026-05-27T01:33:30.281Z","2026-05-27T05:59:11.290Z","OUT","true","2026-05-27T01:33:30.288Z","2026-05-27T01:33:30.281Z","2026-05-27T05:59:11.290Z","HNM","HNM","","","","","","","","","","","","","","","","","",""
"885","53","2026-05-26T18:30:00.000Z","2026-05-27T04:03:29.883Z","2026-05-27T14:30:15.539Z","OUT","true","2026-05-27T04:03:29.892Z","2026-05-27T04:03:29.883Z","2026-05-27T14:30:15.539Z","HNM","HNM","","","","","","","","","","","","","","","","","",""
"872","44","2026-05-26T18:30:00.000Z","2026-05-27T01:39:56.086Z","2026-05-27T10:01:47.055Z","OUT","true","2026-05-27T01:39:56.097Z","2026-05-27T01:39:56.086Z","2026-05-27T10:01:47.055Z","JNR","JNR","","","","","","","","","","","","","","","","","",""
"884","52","2026-05-26T18:30:00.000Z","2026-05-27T03:27:51.065Z","","IN","false","2026-05-27T03:27:51.070Z","2026-05-27T03:27:51.065Z","","HNM","","","","","","","","","","","","","","","","","","",""
"821","42","2026-05-25T18:30:00.000Z","2026-05-26T02:48:51.892Z","2026-05-26T15:34:44.426Z","OUT","true","2026-05-26T02:48:51.897Z","2026-05-26T02:48:51.892Z","2026-05-26T15:34:44.426Z","HNM","HNM","2026-05-26T10:00:00.000Z","2026-05-26T14:30:00.000Z","","","","","","","","","","","","","did not understand how the s/w works","","",""
"906","45","2026-05-26T18:30:00.000Z","2026-05-27T10:58:04.020Z","2026-05-27T14:38:53.312Z","OUT","true","2026-05-27T10:58:04.026Z","2026-05-27T10:58:04.020Z","2026-05-27T14:38:53.312Z","JNR","JNR","","","","","","","","","","","","","","","","","",""
"869","47","2026-05-26T18:30:00.000Z","2026-05-27T01:33:36.255Z","2026-05-27T09:32:43.017Z","OUT","true","2026-05-27T01:33:36.259Z","2026-05-27T01:33:36.255Z","2026-05-27T09:32:43.017Z","JNR","JNR","","","","","","","","","","","","","","","","","",""
"875","66","2026-05-26T18:30:00.000Z","2026-05-27T02:08:04.178Z","2026-05-27T14:31:11.714Z","OUT","false","2026-05-27T02:08:04.189Z","2026-05-27T02:08:04.178Z","2026-05-27T14:31:11.714Z","JNR","JNR","","","","","","","","","","","","","","","","","",""
"890","50","2026-05-26T18:30:00.000Z","2026-05-27T04:38:12.723Z","2026-05-27T12:18:06.897Z","OUT","true","2026-05-27T04:38:12.733Z","2026-05-27T04:38:12.723Z","2026-05-27T12:18:06.897Z","JNR","HNM","","","","","","","","","","","","","","","","","",""
"874","48","2026-05-26T18:30:00.000Z","2026-05-27T01:57:25.837Z","2026-05-27T14:30:06.947Z","OUT","true","2026-05-27T01:57:25.843Z","2026-05-27T01:57:25.837Z","2026-05-27T05:28:05.149Z","JNR","JNR","2026-05-27T09:59:48.809Z","2026-05-27T14:30:06.947Z","JNR","JNR","","","","","","","","","","","","","",""
"902","60","2026-05-26T18:30:00.000Z","2026-05-27T10:03:38.947Z","2026-05-27T15:30:03.394Z","OUT","true","2026-05-27T10:03:38.953Z","2026-05-27T10:03:38.947Z","2026-05-27T15:30:03.394Z","HNM","HNM","","","","","","","","","","","","","","","","","",""
"858","41","2026-05-26T18:30:00.000Z","2026-05-27T00:47:36.941Z","2026-05-27T14:38:22.305Z","OUT","false","2026-05-27T00:47:36.955Z","2026-05-27T00:47:36.941Z","2026-05-27T08:39:48.556Z","HNM","JNR","","","","","2026-05-27T09:08:42.543Z","2026-05-27T14:38:22.305Z","HNM","HNM","","","","","","","","","",""
"866","40","2026-05-26T18:30:00.000Z","2026-05-27T01:28:26.771Z","2026-05-27T15:35:52.385Z","OUT","false","2026-05-27T01:28:26.775Z","2026-05-27T01:28:26.771Z","2026-05-27T02:34:58.672Z","HNM","HNM","2026-05-27T09:59:13.563Z","2026-05-27T15:35:52.385Z","HNM","HNM","","","","","","","","","","","","","",""
"873","62","2026-05-26T18:30:00.000Z","2026-05-27T01:45:30.145Z","2026-05-27T11:12:25.987Z","OUT","true","2026-05-27T01:45:30.155Z","2026-05-27T01:45:30.145Z","2026-05-27T11:12:25.987Z","HNM","HNM","","","","","","","","","","","","","","","","","",""
"886","59","2026-05-26T18:30:00.000Z","2026-05-27T04:04:50.469Z","2026-05-27T15:31:09.360Z","OUT","false","2026-05-27T04:04:50.474Z","2026-05-27T04:04:50.469Z","2026-05-27T15:31:09.360Z","HNM","HNM","","","","","","","","","","","","","","","","","",""
"867","71","2026-05-26T18:30:00.000Z","2026-05-27T01:28:37.367Z","2026-05-27T09:58:44.452Z","OUT","false","2026-05-27T01:28:37.372Z","2026-05-27T01:28:37.367Z","2026-05-27T09:58:44.452Z","JNR","JNR","","","","","","","","","","","","","","","","","",""
"876","42","2026-05-26T18:30:00.000Z","2026-05-27T02:33:20.425Z","2026-05-27T07:05:45.886Z","IN","true","2026-05-27T02:33:20.432Z","2026-05-27T02:33:20.425Z","2026-05-27T07:05:45.886Z","HNM","JNR","2026-05-27T10:04:51.901Z","","JNR","","","","","","","","","","","","","","",""
"881","54","2026-05-26T18:30:00.000Z","2026-05-27T03:01:43.647Z","2026-05-27T11:30:10.324Z","OUT","false","2026-05-27T03:01:43.656Z","2026-05-27T03:01:43.647Z","2026-05-27T11:30:10.324Z","JNR","JNR","","","","","","","","","","","","","","","","","",""
"859","65","2026-05-26T18:30:00.000Z","2026-05-27T00:48:11.672Z","2026-05-27T15:31:25.433Z","OUT","false","2026-05-27T00:48:11.681Z","2026-05-27T00:48:11.672Z","2026-05-27T08:31:55.336Z","HNM","HNM","2026-05-27T09:27:25.841Z","2026-05-27T15:31:25.433Z","HNM","HNM","","","","","","","","","","","","","",""
"892","55","2026-05-26T18:30:00.000Z","2026-05-27T06:06:06.153Z","2026-05-27T12:30:11.456Z","OUT","true","2026-05-27T06:06:06.161Z","2026-05-27T06:06:06.153Z","2026-05-27T12:30:11.456Z","JNR","JNR","","","","","","","","","","","","","","","","","",""
"882","80","2026-05-26T18:30:00.000Z","2026-05-27T03:13:33.511Z","2026-05-27T12:39:08.602Z","OUT","true","2026-05-27T03:13:33.517Z","2026-05-27T03:13:33.511Z","2026-05-27T12:39:08.602Z","JNR","JNR","","","","","","","","","","","","","","","","","",""
"887","43","2026-05-26T18:30:00.000Z","2026-05-27T04:05:35.709Z","2026-05-27T12:59:50.487Z","OUT","true","2026-05-27T04:05:35.714Z","2026-05-27T04:05:35.709Z","2026-05-27T12:59:50.487Z","JNR","JNR","","","","","","","","","","","","","","","","","",""
"893","49","2026-05-26T18:30:00.000Z","2026-05-27T07:02:06.053Z","2026-05-27T14:25:55.663Z","OUT","true","2026-05-27T07:02:06.063Z","2026-05-27T07:02:06.053Z","2026-05-27T14:25:55.663Z","JNR","JNR","","","","","","","","","","","","","","","","","",""
"870","51","2026-05-26T18:30:00.000Z","2026-05-27T01:34:37.399Z","2026-05-27T14:30:39.785Z","OUT","true","2026-05-27T01:34:37.403Z","2026-05-27T01:34:37.399Z","2026-05-27T02:32:11.344Z","JNR","JNR","2026-05-27T05:35:54.409Z","2026-05-27T14:30:39.785Z","JNR","JNR","","","","","","","","","","","","","",""
"905","72","2026-05-26T18:30:00.000Z","2026-05-27T10:23:31.447Z","2026-05-27T15:22:57.037Z","OUT","false","2026-05-27T10:23:31.457Z","2026-05-27T10:23:31.447Z","2026-05-27T15:22:57.037Z","JNR","JNR","","","","","","","","","","","","","","","","","",""
"880","67","2026-05-26T18:30:00.000Z","2026-05-27T03:01:38.930Z","2026-05-27T15:29:02.903Z","OUT","true","2026-05-27T03:01:38.936Z","2026-05-27T03:01:38.930Z","2026-05-27T06:33:28.569Z","HNM","HNM","2026-05-27T10:16:40.928Z","2026-05-27T15:29:02.903Z","HNM","HNM","","","","","","","","","","","","","",""
"871","57","2026-05-26T18:30:00.000Z","2026-05-27T01:35:47.004Z","2026-05-27T15:30:28.850Z","OUT","true","2026-05-27T01:35:47.011Z","2026-05-27T01:35:47.004Z","2026-05-27T04:01:50.937Z","HNM","HNM","2026-05-27T08:43:46.229Z","2026-05-27T15:30:28.850Z","HNM","HNM","","","","","","","","","","","","","",""
"1017","44","2026-05-29T18:30:00.000Z","2026-05-30T02:18:30.768Z","2026-05-30T10:11:40.885Z","OUT","true","2026-05-30T02:18:30.773Z","2026-05-30T02:18:30.768Z","2026-05-30T10:11:40.885Z","JNR","JNR","","","","","","","","","","","","","","","","","",""
"863","58","2026-05-26T18:30:00.000Z","2026-05-27T01:25:33.088Z","2026-05-27T09:11:34.266Z","IN","false","2026-05-27T01:25:33.187Z","2026-05-27T01:25:33.088Z","2026-05-27T03:14:50.774Z","JNR","JNR","2026-05-27T04:17:59.246Z","2026-05-27T09:11:34.266Z","JNR","JNR","2026-05-27T11:11:29.487Z","","JNR","","","","","","","","","","",""
"883","75","2026-05-26T18:30:00.000Z","2026-05-27T03:21:24.941Z","2026-05-27T13:30:03.740Z","OUT","false","2026-05-27T03:21:24.949Z","2026-05-27T03:21:24.941Z","2026-05-27T13:30:03.740Z","JNR","JNR","","","","","","","","","","","","","","","","","",""
"860","64","2026-05-26T18:30:00.000Z","2026-05-27T01:07:18.053Z","2026-05-27T14:36:29.128Z","OUT","false","2026-05-27T01:07:18.060Z","2026-05-27T01:07:18.053Z","2026-05-27T07:33:27.685Z","HNM","HNM","2026-05-27T09:29:29.425Z","2026-05-27T14:36:29.128Z","HNM","HNM","","","","","","","","","","","","","",""
"877","56","2026-05-26T18:30:00.000Z","2026-05-27T02:48:01.691Z","2026-05-27T15:30:31.773Z","OUT","true","2026-05-27T02:48:01.695Z","2026-05-27T02:48:01.691Z","2026-05-27T07:01:43.580Z","HNM","HNM","2026-05-27T11:36:20.463Z","2026-05-27T15:30:31.773Z","HNM","HNM","","","","","","","","","","","","","",""
"908","61","2026-05-26T18:30:00.000Z","2026-05-27T11:20:04.336Z","2026-05-27T15:33:29.715Z","OUT","true","2026-05-27T11:20:04.341Z","2026-05-27T11:20:04.336Z","2026-05-27T15:33:29.715Z","HNM","HNM","","","","","","","","","","","","","","","","","",""
"930","43","2026-05-27T18:30:00.000Z","2026-05-28T03:56:11.437Z","2026-05-28T11:15:54.166Z","OUT","false","2026-05-28T03:56:11.441Z","2026-05-28T03:56:11.437Z","2026-05-28T11:15:54.166Z","JNR","JNR","","","","","","","","","","","","","","","","","",""
"919","52","2026-05-27T18:30:00.000Z","2026-05-28T01:49:36.177Z","2026-05-28T11:24:31.245Z","OUT","false","2026-05-28T01:49:36.185Z","2026-05-28T01:49:36.177Z","2026-05-28T11:24:31.245Z","HNM","HNM","","","","","","","","","","","","","","","","","",""
"916","47","2026-05-27T18:30:00.000Z","2026-05-28T01:37:39.853Z","2026-05-28T11:30:08.866Z","OUT","true","2026-05-28T01:37:39.858Z","2026-05-28T01:37:39.853Z","2026-05-28T11:30:08.866Z","JNR","JNR","","","","","","","","","","","","","","","","","",""
"927","54","2026-05-27T18:30:00.000Z","2026-05-28T03:03:21.203Z","2026-05-28T11:30:17.348Z","OUT","false","2026-05-28T03:03:21.207Z","2026-05-28T03:03:21.203Z","2026-05-28T11:30:17.348Z","JNR","JNR","","","","","","","","","","","","","","","","","",""
"924","80","2026-05-27T18:30:00.000Z","2026-05-28T02:38:53.315Z","2026-05-28T12:33:20.012Z","OUT","true","2026-05-28T02:38:53.320Z","2026-05-28T02:38:53.315Z","2026-05-28T12:33:20.012Z","JNR","JNR","","","","","","","","","","","","","","","","","",""
"929","75","2026-05-27T18:30:00.000Z","2026-05-28T03:15:48.579Z","2026-05-28T13:31:01.883Z","OUT","false","2026-05-28T03:15:48.588Z","2026-05-28T03:15:48.579Z","2026-05-28T13:31:01.883Z","JNR","JNR","","","","","","","","","","","","","","","","","",""
"922","66","2026-05-27T18:30:00.000Z","2026-05-28T02:11:54.150Z","2026-05-28T14:30:02.211Z","OUT","false","2026-05-28T02:11:54.157Z","2026-05-28T02:11:54.150Z","2026-05-28T14:30:02.211Z","HNM","HNM","","","","","","","","","","","","","","","","","",""
"947","53","2026-05-27T18:30:00.000Z","2026-05-28T09:15:02.188Z","2026-05-28T14:31:10.444Z","OUT","true","2026-05-28T09:15:02.199Z","2026-05-28T09:15:02.188Z","2026-05-28T14:31:10.444Z","HNM","HNM","","","","","","","","","","","","","","","","","",""
"951","60","2026-05-27T18:30:00.000Z","2026-05-28T10:08:33.065Z","2026-05-28T14:33:53.319Z","OUT","true","2026-05-28T10:08:33.070Z","2026-05-28T10:08:33.065Z","2026-05-28T14:33:53.319Z","JNR","JNR","","","","","","","","","","","","","","","","","",""
"920","48","2026-05-27T18:30:00.000Z","2026-05-28T01:54:46.543Z","2026-05-28T14:34:13.358Z","OUT","true","2026-05-28T01:54:46.547Z","2026-05-28T01:54:46.543Z","2026-05-28T10:03:23.571Z","JNR","JNR","2026-05-28T10:03:29.492Z","2026-05-28T14:34:13.358Z","JNR","JNR","","","","","","","","","","","","","",""
"914","41","2026-05-27T18:30:00.000Z","2026-05-28T01:35:23.551Z","2026-05-28T14:40:08.786Z","OUT","true","2026-05-28T01:35:23.555Z","2026-05-28T01:35:23.551Z","2026-05-28T07:40:58.631Z","JNR","JNR","2026-05-28T10:31:21.673Z","2026-05-28T14:40:08.786Z","JNR","JNR","","","","","","","","","","","","","",""
"943","45","2026-05-27T18:30:00.000Z","2026-05-28T05:03:13.726Z","","IN","false","2026-05-28T05:03:13.730Z","2026-05-28T05:03:13.726Z","","JNR","","","","","","","","","","","","","","","","","","",""
"946","49","2026-05-27T18:30:00.000Z","2026-05-28T06:54:15.830Z","2026-05-28T14:41:25.909Z","OUT","false","2026-05-28T06:54:15.839Z","2026-05-28T06:54:15.830Z","2026-05-28T14:41:25.909Z","JNR","JNR","","","","","","","","","","","","","","","","","",""
"921","72","2026-05-27T18:30:00.000Z","2026-05-28T01:59:39.825Z","2026-05-28T14:42:52.686Z","OUT","true","2026-05-28T01:59:39.834Z","2026-05-28T10:42:27.199Z","2026-05-28T14:42:52.686Z","JNR","JNR","","","","","","","","","","","","","","","","","",""
"912","51","2026-05-27T18:30:00.000Z","2026-05-28T01:34:30.060Z","2026-05-28T14:49:20.719Z","OUT","true","2026-05-28T01:34:30.067Z","2026-05-28T01:34:30.060Z","2026-05-28T02:31:25.708Z","JNR","JNR","2026-05-28T05:34:23.754Z","2026-05-28T14:49:20.719Z","JNR","JNR","","","","","","","","","","","","","",""
"967","71","2026-05-28T18:30:00.000Z","2026-05-29T01:34:18.443Z","2026-05-29T06:12:48.127Z","OUT","true","2026-05-29T01:34:18.447Z","2026-05-29T01:34:18.443Z","2026-05-29T06:12:48.127Z","JNR","JNR","","","","","","","","","","","","","","","","","",""
"917","57","2026-05-27T18:30:00.000Z","2026-05-28T01:38:20.824Z","2026-05-28T14:59:39.226Z","OUT","true","2026-05-28T01:38:20.831Z","2026-05-28T01:38:20.824Z","2026-05-28T05:30:03.123Z","HNM","HNM","2026-05-28T10:23:26.677Z","2026-05-28T14:59:39.226Z","HNM","HNM","","","","","","","","","","","","","",""
"926","67","2026-05-27T18:30:00.000Z","2026-05-28T02:58:37.542Z","2026-05-28T15:28:30.299Z","OUT","true","2026-05-28T02:58:37.549Z","2026-05-28T02:58:37.542Z","2026-05-28T06:34:53.216Z","HNM","HNM","2026-05-28T10:07:27.740Z","2026-05-28T15:28:30.299Z","HNM","HNM","","","","","","","","","","","","","",""
"911","40","2026-05-27T18:30:00.000Z","2026-05-28T01:22:36.661Z","2026-05-28T08:18:24.960Z","OUT","false","2026-05-28T01:22:36.667Z","2026-05-28T01:22:36.661Z","2026-05-28T08:18:24.960Z","HNM","HNM","","","","","","","","","","","","","","","","","",""
"931","59","2026-05-27T18:30:00.000Z","2026-05-28T04:03:11.780Z","2026-05-28T15:30:02.709Z","OUT","false","2026-05-28T04:03:11.795Z","2026-05-28T04:03:11.780Z","2026-05-28T15:30:02.709Z","HNM","HNM","","","","","","","","","","","","","","","","","",""
"918","44","2026-05-27T18:30:00.000Z","2026-05-28T01:41:05.027Z","2026-05-28T10:00:23.622Z","OUT","true","2026-05-28T01:41:05.036Z","2026-05-28T01:41:05.027Z","2026-05-28T10:00:23.622Z","JNR","JNR","","","","","","","","","","","","","","","","","",""
"948","64","2026-05-27T18:30:00.000Z","2026-05-28T09:45:15.918Z","2026-05-28T15:30:07.068Z","OUT","true","2026-05-28T09:45:15.925Z","","","","","2026-05-28T09:45:15.918Z","2026-05-28T15:30:07.068Z","HNM","HNM","","","","","","","","","","","","","",""
"987","56","2026-05-28T18:30:00.000Z","2026-05-29T05:36:17.227Z","2026-05-29T15:30:13.875Z","OUT","true","2026-05-29T05:36:17.255Z","2026-05-29T05:36:17.227Z","2026-05-29T15:30:13.875Z","HNM","HNM","","","","","","","","","","","","","","","","","",""
"978","43","2026-05-28T18:30:00.000Z","2026-05-29T03:44:32.388Z","2026-05-29T13:00:11.521Z","OUT","false","2026-05-29T03:44:32.392Z","2026-05-29T03:44:32.388Z","2026-05-29T13:00:11.521Z","JNR","JNR","","","","","","","","","","","","","","","","","",""
"913","62","2026-05-27T18:30:00.000Z","2026-05-28T01:34:45.041Z","2026-05-28T10:28:42.866Z","OUT","true","2026-05-28T01:34:45.048Z","2026-05-28T01:34:45.041Z","2026-05-28T10:28:42.866Z","HNM","HNM","","","","","","","","","","","","","","","","","",""
"982","50","2026-05-28T18:30:00.000Z","2026-05-29T04:46:50.784Z","2026-05-29T12:02:18.530Z","OUT","true","2026-05-29T04:46:50.796Z","2026-05-29T04:46:50.784Z","2026-05-29T12:02:18.530Z","JNR","JNR","","","","","","","","","","","","","","","","","",""
"960","65","2026-05-28T18:30:00.000Z","2026-05-29T00:48:56.817Z","2026-05-29T14:24:18.082Z","OUT","false","2026-05-29T00:48:56.832Z","2026-05-29T00:48:56.817Z","2026-05-29T08:30:10.030Z","HNM","HNM","2026-05-29T09:26:59.690Z","2026-05-29T14:24:18.082Z","HNM","HNM","","","","","","","","","","","","","",""
"925","56","2026-05-27T18:30:00.000Z","2026-05-28T02:40:09.528Z","2026-05-28T15:30:31.829Z","OUT","true","2026-05-28T02:40:09.533Z","2026-05-28T02:40:09.528Z","2026-05-28T07:12:35.541Z","HNM","HNM","2026-05-28T11:13:22.695Z","2026-05-28T15:30:31.829Z","HNM","HNM","","","","","","","","","","","","","",""
"910","65","2026-05-27T18:30:00.000Z","2026-05-28T01:18:45.052Z","2026-05-28T15:30:49.362Z","OUT","false","2026-05-28T01:18:45.070Z","2026-05-28T01:18:45.052Z","2026-05-28T15:30:49.362Z","HNM","HNM","","","","","","","","","","","","","","","","","",""
"954","61","2026-05-27T18:30:00.000Z","2026-05-28T10:25:10.694Z","2026-05-28T15:30:50.268Z","OUT","false","2026-05-28T10:25:10.699Z","2026-05-28T10:25:10.694Z","2026-05-28T15:30:50.268Z","HNM","HNM","","","","","","","","","","","","","","","","","",""
"915","58","2026-05-27T18:30:00.000Z","2026-05-28T01:35:46.396Z","2026-05-28T15:33:54.416Z","OUT","true","2026-05-28T01:35:46.400Z","2026-05-28T01:35:46.396Z","2026-05-28T03:42:37.979Z","JNR","JNR","2026-05-28T04:50:55.585Z","2026-05-28T08:26:34.635Z","JNR","JNR","2026-05-28T10:28:28.039Z","2026-05-28T15:33:54.416Z","JNR","JNR","","","","","","","","","",""
"923","42","2026-05-27T18:30:00.000Z","2026-05-28T02:37:01.747Z","2026-05-28T15:34:01.936Z","OUT","true","2026-05-28T02:37:01.757Z","2026-05-28T02:37:01.747Z","2026-05-28T07:48:50.929Z","HNM","JNR","2026-05-28T10:23:31.632Z","2026-05-28T15:34:01.936Z","HNM","JNR","","","","","","","","","","","","","",""
"976","52","2026-05-28T18:30:00.000Z","2026-05-29T03:24:27.452Z","","IN","false","2026-05-29T03:24:27.460Z","2026-05-29T03:24:27.452Z","","HNM","","","","","","","","","","","","","","","","","","",""
"977","75","2026-05-28T18:30:00.000Z","2026-05-29T03:41:43.240Z","","IN","true","2026-05-29T03:41:43.248Z","2026-05-29T03:41:43.240Z","","JNR","","","","","","","","","","","","","","","","","","",""
"970","57","2026-05-28T18:30:00.000Z","2026-05-29T01:42:38.368Z","2026-05-29T15:30:05.080Z","OUT","true","2026-05-29T01:42:38.379Z","2026-05-29T01:42:38.368Z","2026-05-29T04:00:55.672Z","HNM","HNM","2026-05-29T09:08:28.866Z","2026-05-29T15:30:05.080Z","HNM","HNM","","","","","","","","","","","","","",""
"968","63","2026-05-28T18:30:00.000Z","2026-05-29T01:36:53.264Z","2026-05-29T03:53:42.283Z","OUT","true","2026-05-29T01:36:53.269Z","2026-05-29T01:36:53.264Z","2026-05-29T03:53:42.283Z","HNM","HNM","","","","","","","","","","","","","","","","","",""
"944","50","2026-05-27T18:30:00.000Z","2026-05-28T04:35:00.000Z","2026-05-28T10:46:00.000Z","OUT","true","2026-05-28T05:28:58.885Z","2026-05-28T04:35:00.000Z","2026-05-28T10:46:00.000Z","JNR","JNR","","","","","","","","","","","","","","again forgot to punch on time so KK updated","","","",""
"964","44","2026-05-28T18:30:00.000Z","2026-05-29T01:29:26.558Z","2026-05-29T10:00:05.427Z","OUT","false","2026-05-29T01:29:26.563Z","2026-05-29T01:29:26.558Z","2026-05-29T10:00:05.427Z","JNR","JNR","","","","","","","","","","","","","","","","","",""
"979","59","2026-05-28T18:30:00.000Z","2026-05-29T03:56:26.594Z","2026-05-29T15:30:08.105Z","OUT","false","2026-05-29T03:56:26.600Z","2026-05-29T03:56:26.594Z","2026-05-29T15:30:08.105Z","HNM","HNM","","","","","","","","","","","","","","","","","",""
"965","58","2026-05-28T18:30:00.000Z","2026-05-29T01:31:48.796Z","2026-05-29T15:29:36.460Z","OUT","true","2026-05-29T01:31:48.802Z","2026-05-29T01:31:48.796Z","2026-05-29T03:52:19.781Z","JNR","JNR","2026-05-29T05:08:21.340Z","2026-05-29T09:25:06.450Z","JNR","JNR","2026-05-29T11:08:57.465Z","2026-05-29T15:29:36.460Z","JNR","JNR","","","","","","","","","",""
"986","45","2026-05-28T18:30:00.000Z","2026-05-29T05:29:28.580Z","2026-05-29T14:38:39.269Z","OUT","true","2026-05-29T05:29:28.588Z","2026-05-29T11:57:06.335Z","2026-05-29T14:38:39.269Z","JNR","JNR","","","","","","","","","","","","","","","","","",""
"961","64","2026-05-28T18:30:00.000Z","2026-05-29T01:16:08.873Z","2026-05-29T15:31:13.212Z","OUT","false","2026-05-29T01:16:08.969Z","2026-05-29T01:16:08.873Z","2026-05-29T07:42:16.198Z","HNM","HNM","2026-05-29T09:26:59.500Z","2026-05-29T15:31:13.212Z","HNM","HNM","","","","","","","","","","","","","",""
"1000","61","2026-05-28T18:30:00.000Z","2026-05-29T10:30:35.408Z","2026-05-29T15:31:32.530Z","OUT","true","2026-05-29T10:30:35.416Z","2026-05-29T10:30:35.408Z","2026-05-29T15:31:32.530Z","HNM","HNM","","","","","","","","","","","","","","","","","",""
"980","53","2026-05-28T18:30:00.000Z","2026-05-29T04:21:44.324Z","2026-05-29T14:30:08.827Z","OUT","true","2026-05-29T04:21:44.336Z","2026-05-29T04:21:44.324Z","2026-05-29T14:30:08.827Z","HNM","HNM","","","","","","","","","","","","","","","","","",""
"963","62","2026-05-28T18:30:00.000Z","2026-05-29T01:26:48.136Z","2026-05-29T10:37:10.403Z","OUT","false","2026-05-29T01:26:48.141Z","2026-05-29T01:26:48.136Z","2026-05-29T10:37:10.403Z","HNM","HNM","","","","","","","","","","","","","","","","","",""
"975","54","2026-05-28T18:30:00.000Z","2026-05-29T02:59:03.997Z","2026-05-29T11:31:05.635Z","OUT","false","2026-05-29T02:59:04.006Z","2026-05-29T02:59:03.997Z","2026-05-29T11:31:05.635Z","JNR","JNR","","","","","","","","","","","","","","","","","",""
"966","47","2026-05-28T18:30:00.000Z","2026-05-29T01:33:39.383Z","2026-05-29T11:33:37.871Z","OUT","true","2026-05-29T01:33:39.393Z","2026-05-29T01:33:39.383Z","2026-05-29T11:33:37.871Z","JNR","JNR","","","","","","","","","","","","","","","","","",""
"981","55","2026-05-28T18:30:00.000Z","2026-05-29T04:36:14.240Z","2026-05-29T12:30:27.237Z","OUT","true","2026-05-29T04:36:14.247Z","2026-05-29T04:36:14.240Z","2026-05-29T12:30:27.237Z","JNR","JNR","","","","","","","","","","","","","","","","","",""
"988","49","2026-05-28T18:30:00.000Z","2026-05-29T07:02:29.562Z","2026-05-29T14:25:02.890Z","OUT","true","2026-05-29T07:02:29.569Z","2026-05-29T07:02:29.562Z","2026-05-29T14:25:02.890Z","HNM","HNM","","","","","","","","","","","","","","","","","",""
"971","66","2026-05-28T18:30:00.000Z","2026-05-29T02:08:27.037Z","2026-05-29T14:30:02.329Z","OUT","false","2026-05-29T02:08:27.047Z","2026-05-29T02:08:27.037Z","2026-05-29T14:30:02.329Z","JNR","JNR","","","","","","","","","","","","","","","","","",""
"959","41","2026-05-28T18:30:00.000Z","2026-05-29T00:48:38.372Z","2026-05-29T14:31:52.025Z","OUT","false","2026-05-29T00:48:38.390Z","2026-05-29T00:48:38.372Z","2026-05-29T14:31:52.025Z","HNM","HNM","","","","","","","","","","","","","","","","","",""
"998","72","2026-05-28T18:30:00.000Z","2026-05-29T10:28:30.171Z","2026-05-29T14:33:45.995Z","OUT","false","2026-05-29T10:28:30.181Z","2026-05-29T10:28:30.171Z","2026-05-29T14:33:45.995Z","JNR","JNR","","","","","","","","","","","","","","","","","",""
"972","42","2026-05-28T18:30:00.000Z","2026-05-29T02:42:44.703Z","2026-05-29T14:57:59.655Z","OUT","true","2026-05-29T02:42:44.710Z","2026-05-29T02:42:44.703Z","2026-05-29T09:16:51.876Z","HNM","HNM","2026-05-29T09:16:58.747Z","2026-05-29T14:57:59.655Z","HNM","HNM","","","","","","","","","","","","","",""
"973","67","2026-05-28T18:30:00.000Z","2026-05-29T02:51:30.926Z","2026-05-29T15:27:23.162Z","OUT","true","2026-05-29T02:51:30.933Z","2026-05-29T02:51:30.926Z","2026-05-29T07:10:36.146Z","JNR","JNR","2026-05-29T10:08:04.454Z","2026-05-29T15:27:23.162Z","JNR","JNR","","","","","","","","","","","","","",""
"962","40","2026-05-28T18:30:00.000Z","2026-05-29T01:17:38.139Z","2026-05-29T15:37:49.486Z","OUT","false","2026-05-29T01:17:38.144Z","2026-05-29T01:17:38.139Z","2026-05-29T02:34:59.318Z","HNM","HNM","2026-05-29T09:58:17.362Z","2026-05-29T15:37:49.486Z","HNM","HNM","","","","","","","","","","","","","",""
"1005","63","2026-05-29T18:30:00.000Z","2026-05-30T01:26:54.440Z","2026-05-30T06:23:25.336Z","OUT","false","2026-05-30T01:26:54.446Z","2026-05-30T01:26:54.440Z","2026-05-30T06:23:25.336Z","HNM","HNM","","","","","","","","","","","","","","","","","",""
"1011","62","2026-05-29T18:30:00.000Z","2026-05-30T01:32:05.777Z","2026-05-30T10:32:44.340Z","OUT","true","2026-05-30T01:32:05.811Z","2026-05-30T01:32:05.777Z","2026-05-30T10:32:44.340Z","HNM","HNM","","","","","","","","","","","","","","","","","",""
"1012","40","2026-05-29T18:30:00.000Z","2026-05-30T01:33:31.423Z","2026-05-30T08:26:40.905Z","OUT","true","2026-05-30T01:33:31.429Z","2026-05-30T01:33:31.423Z","2026-05-30T08:26:40.905Z","HNM","HNM","","","","","","","","","","","","","","","","","",""
"1007","71","2026-05-29T18:30:00.000Z","2026-05-30T01:29:02.046Z","2026-05-30T09:06:47.864Z","OUT","false","2026-05-30T01:29:02.050Z","2026-05-30T01:29:02.046Z","2026-05-30T09:06:47.864Z","JNR","JNR","","","","","","","","","","","","","","","","","",""
"1013","47","2026-05-29T18:30:00.000Z","2026-05-30T01:36:16.408Z","2026-05-30T11:30:12.135Z","OUT","true","2026-05-30T01:36:16.419Z","2026-05-30T01:36:16.408Z","2026-05-30T11:30:12.135Z","JNR","JNR","","","","","","","","","","","","","","","","","",""
"1006","41","2026-05-29T18:30:00.000Z","2026-05-30T01:27:07.278Z","2026-05-30T14:29:43.933Z","OUT","false","2026-05-30T01:27:07.284Z","2026-05-30T01:27:07.278Z","2026-05-30T14:29:43.933Z","JNR","JNR","","","","","","","","","","","","","","","","","",""
"1014","48","2026-05-29T18:30:00.000Z","2026-05-30T01:49:21.848Z","2026-05-30T14:38:22.776Z","OUT","true","2026-05-30T01:49:21.855Z","2026-05-30T01:49:21.848Z","2026-05-30T05:30:48.770Z","JNR","JNR","2026-05-30T10:12:59.824Z","2026-05-30T14:38:22.776Z","JNR","JNR","","","","","","","","","","","","","",""
"1019","42","2026-05-29T18:30:00.000Z","2026-05-30T02:48:29.751Z","2026-05-30T14:43:54.723Z","OUT","true","2026-05-30T02:48:29.761Z","2026-05-30T02:48:29.751Z","2026-05-30T07:17:24.799Z","HNM","JNR","2026-05-30T10:14:22.258Z","2026-05-30T14:43:54.723Z","HNM","JNR","","","","","","","","","","","","","",""
"1020","67","2026-05-29T18:30:00.000Z","2026-05-30T03:05:27.117Z","2026-05-30T15:29:42.819Z","OUT","true","2026-05-30T03:05:27.124Z","2026-05-30T03:05:27.117Z","2026-05-30T06:46:50.081Z","HNM","HNM","2026-05-30T10:09:49.462Z","2026-05-30T15:29:42.819Z","HNM","HNM","","","","","","","","","","","","","",""
"1028","59","2026-05-29T18:30:00.000Z","2026-05-30T04:04:07.332Z","2026-05-30T15:30:06.798Z","OUT","false","2026-05-30T04:04:07.337Z","2026-05-30T04:04:07.332Z","2026-05-30T15:30:06.798Z","HNM","HNM","","","","","","","","","","","","","","","","","",""
"1018","56","2026-05-29T18:30:00.000Z","2026-05-30T02:44:47.013Z","2026-05-30T15:31:22.908Z","OUT","true","2026-05-30T02:44:47.020Z","2026-05-30T02:44:47.013Z","2026-05-30T07:15:16.472Z","HNM","HNM","2026-05-30T11:44:40.480Z","2026-05-30T15:31:22.908Z","HNM","HNM","","","","","","","","","","","","","",""
"1004","64","2026-05-29T18:30:00.000Z","2026-05-30T01:17:35.416Z","2026-05-30T15:31:38.648Z","OUT","false","2026-05-30T01:17:35.629Z","2026-05-30T01:17:35.416Z","2026-05-30T07:32:17.038Z","HNM","HNM","2026-05-30T09:30:50.872Z","2026-05-30T15:31:38.648Z","HNM","HNM","","","","","","","","","","","","","",""
"1063","61","2026-05-29T18:30:00.000Z","2026-05-30T10:43:26.448Z","2026-05-30T15:31:44.635Z","OUT","true","2026-05-30T10:43:26.455Z","2026-05-30T10:43:26.448Z","2026-05-30T15:31:44.635Z","HNM","HNM","","","","","","","","","","","","","","","","","",""
"1086","40","2026-05-31T18:30:00.000Z","2026-06-01T01:33:19.209Z","2026-06-01T15:32:36.241Z","OUT","true","2026-06-01T01:33:19.215Z","2026-06-01T01:33:19.209Z","2026-06-01T02:40:30.613Z","HNM","HNM","2026-06-01T10:10:02.522Z","2026-06-01T15:32:36.241Z","HNM","HNM","","","","","","","","","","","","","",""
"1051","74","2026-05-29T18:30:00.000Z","2026-05-30T07:51:23.386Z","2026-05-30T15:38:56.658Z","OUT","true","2026-05-30T07:51:23.387Z","2026-05-30T07:51:23.386Z","2026-05-30T15:38:56.658Z","JNR","JNR","","","","","","","","","","","","","","","","","",""
"1008","58","2026-05-29T18:30:00.000Z","2026-05-30T01:29:51.978Z","2026-05-30T15:43:50.727Z","OUT","false","2026-05-30T01:29:51.986Z","2026-05-30T01:29:51.978Z","2026-05-30T03:48:58.978Z","JNR","JNR","2026-05-30T05:16:39.908Z","2026-05-30T08:09:52.405Z","JNR","JNR","2026-05-30T10:26:06.249Z","2026-05-30T15:43:50.727Z","JNR","JNR","","","","","","","","","",""
"1123","60","2026-05-31T18:30:00.000Z","2026-06-01T10:06:50.688Z","2026-06-01T15:28:53.929Z","OUT","true","2026-06-01T10:06:50.700Z","2026-06-01T10:06:50.688Z","2026-06-01T15:28:53.929Z","HNM","HNM","","","","","","","","","","","","","","","","","",""
"1089","62","2026-05-31T18:30:00.000Z","2026-06-01T01:40:03.732Z","2026-06-01T10:38:19.579Z","OUT","true","2026-06-01T01:40:03.735Z","2026-06-01T01:40:03.732Z","2026-06-01T10:38:19.579Z","HNM","HNM","","","","","","","","","","","","","","","","","",""
"1098","80","2026-05-31T18:30:00.000Z","2026-06-01T03:21:37.512Z","","IN","true","2026-06-01T03:21:37.516Z","2026-06-01T03:21:37.512Z","","JNR","","","","","","","","","","","","","","","","","","",""
"1027","43","2026-05-29T18:30:00.000Z","2026-05-30T03:57:02.229Z","2026-05-30T10:59:30.548Z","OUT","false","2026-05-30T03:57:02.238Z","2026-05-30T03:57:02.229Z","2026-05-30T10:59:30.548Z","JNR","JNR","","","","","","","","","","","","","","","","","",""
"1021","54","2026-05-29T18:30:00.000Z","2026-05-30T03:05:51.479Z","2026-05-30T11:20:40.336Z","OUT","false","2026-05-30T03:05:51.484Z","2026-05-30T03:05:51.479Z","2026-05-30T11:20:40.336Z","JNR","JNR","","","","","","","","","","","","","","","","","",""
"1026","53","2026-05-29T18:30:00.000Z","2026-05-30T03:41:15.895Z","2026-05-30T11:48:17.175Z","OUT","false","2026-05-30T03:41:15.901Z","2026-05-30T03:41:15.895Z","2026-05-30T11:48:17.175Z","HNM","HNM","","","","","","","","","","","","","","","","","",""
"1029","50","2026-05-29T18:30:00.000Z","2026-05-30T04:34:22.948Z","2026-05-30T11:55:02.841Z","OUT","true","2026-05-30T04:34:22.956Z","2026-05-30T04:34:22.948Z","2026-05-30T11:55:02.841Z","HNM","HNM","","","","","","","","","","","","","","","","","",""
"1030","55","2026-05-29T18:30:00.000Z","2026-05-30T04:37:10.877Z","2026-05-30T12:32:07.944Z","OUT","true","2026-05-30T04:37:10.883Z","2026-05-30T04:37:10.877Z","2026-05-30T12:32:07.944Z","JNR","JNR","","","","","","","","","","","","","","","","","",""
"1024","80","2026-05-29T18:30:00.000Z","2026-05-30T03:35:16.365Z","2026-05-30T12:34:04.942Z","OUT","true","2026-05-30T03:35:16.373Z","2026-05-30T03:35:16.365Z","2026-05-30T12:34:04.942Z","JNR","JNR","","","","","","","","","","","","","","","","","",""
"1025","52","2026-05-29T18:30:00.000Z","2026-05-30T03:35:55.591Z","2026-05-30T13:17:41.483Z","OUT","true","2026-05-30T03:35:55.602Z","2026-05-30T03:35:55.591Z","2026-05-30T13:17:41.483Z","HNM","HNM","","","","","","","","","","","","","","","","","",""
"1023","75","2026-05-29T18:30:00.000Z","2026-05-30T03:12:12.235Z","2026-05-30T13:31:26.488Z","OUT","false","2026-05-30T03:12:12.246Z","2026-05-30T03:12:12.235Z","2026-05-30T13:31:26.488Z","JNR","JNR","","","","","","","","","","","","","","","","","",""
"1045","45","2026-05-29T18:30:00.000Z","2026-05-30T05:38:29.532Z","2026-05-30T14:01:04.312Z","OUT","true","2026-05-30T05:38:29.542Z","2026-05-30T05:38:29.532Z","2026-05-30T14:01:04.312Z","JNR","JNR","","","","","","","","","","","","","","","","","",""
"1046","49","2026-05-29T18:30:00.000Z","2026-05-30T07:06:32.088Z","2026-05-30T14:26:23.517Z","OUT","true","2026-05-30T07:06:32.089Z","2026-05-30T07:06:32.088Z","2026-05-30T14:26:23.517Z","JNR","JNR","","","","","","","","","","","","","","","","","",""
"1009","51","2026-05-29T18:30:00.000Z","2026-05-30T01:31:19.391Z","2026-05-30T14:30:06.632Z","OUT","true","2026-05-30T01:31:19.395Z","2026-05-30T01:31:19.391Z","2026-05-30T02:30:10.949Z","JNR","JNR","2026-05-30T05:35:48.375Z","2026-05-30T14:30:06.632Z","JNR","JNR","","","","","","","","","","","","","",""
"1062","72","2026-05-29T18:30:00.000Z","2026-05-30T10:37:30.839Z","2026-05-30T14:31:35.293Z","OUT","true","2026-05-30T10:37:30.846Z","2026-05-30T10:37:30.839Z","2026-05-30T14:31:35.293Z","JNR","JNR","","","","","","","","","","","","","","","","","",""
"1082","63","2026-05-31T18:30:00.000Z","2026-06-01T01:28:53.825Z","2026-06-01T03:58:20.506Z","OUT","false","2026-06-01T01:28:53.832Z","2026-06-01T01:28:53.825Z","2026-06-01T03:58:20.506Z","HNM","HNM","","","","","","","","","","","","","","","","","",""
"1077","61","2026-05-30T18:30:00.000Z","2026-05-31T04:06:44.082Z","","IN","true","2026-05-31T04:06:44.089Z","2026-05-31T04:06:44.082Z","","HNM","","","","","","","","","","","","","","","","","","",""
"1079","51","2026-05-30T18:30:00.000Z","2026-05-31T04:38:08.845Z","2026-05-31T06:21:51.340Z","OUT","true","2026-05-31T04:38:08.854Z","2026-05-31T04:38:08.845Z","2026-05-31T06:21:51.340Z","JNR","JNR","","","","","","","","","","","","","","","","","",""
"1072","59","2026-05-30T18:30:00.000Z","2026-05-31T03:38:49.358Z","2026-05-31T07:23:50.716Z","OUT","true","2026-05-31T03:38:49.364Z","2026-05-31T03:38:49.358Z","2026-05-31T07:23:50.716Z","HNM","HNM","","","","","","","","","","","","","","","","","",""
"1065","65","2026-05-30T18:30:00.000Z","2026-05-31T03:07:46.603Z","2026-05-31T07:34:27.725Z","OUT","false","2026-05-31T03:07:46.614Z","2026-05-31T03:07:46.603Z","2026-05-31T07:34:27.725Z","HNM","HNM","","","","","","","","","","","","","","","","","",""
"1078","57","2026-05-30T18:30:00.000Z","2026-05-31T04:26:48.344Z","2026-05-31T07:34:34.263Z","OUT","true","2026-05-31T04:26:48.352Z","2026-05-31T04:26:48.344Z","2026-05-31T07:34:34.263Z","HNM","HNM","","","","","","","","","","","","","","","","","",""
"1071","63","2026-05-30T18:30:00.000Z","2026-05-31T03:36:15.053Z","2026-05-31T07:36:54.467Z","OUT","true","2026-05-31T03:36:15.139Z","2026-05-31T03:36:15.053Z","2026-05-31T07:36:54.467Z","HNM","HNM","","","","","","","","","","","","","","","","","",""
"1073","72","2026-05-30T18:30:00.000Z","2026-05-31T03:49:31.043Z","2026-05-31T07:52:04.321Z","OUT","true","2026-05-31T03:49:31.050Z","2026-05-31T03:49:31.043Z","2026-05-31T07:52:04.321Z","JNR","JNR","","","","","","","","","","","","","","","","","",""
"1066","75","2026-05-30T18:30:00.000Z","2026-05-31T03:14:34.446Z","2026-05-31T08:01:37.244Z","OUT","false","2026-05-31T03:14:34.452Z","2026-05-31T03:14:34.446Z","2026-05-31T08:01:37.244Z","JNR","JNR","","","","","","","","","","","","","","","","","",""
"1074","74","2026-05-30T18:30:00.000Z","2026-05-31T03:59:19.685Z","2026-05-31T08:08:07.993Z","OUT","true","2026-05-31T03:59:19.682Z","2026-05-31T03:59:19.685Z","2026-05-31T08:08:07.993Z","JNR","JNR","","","","","","","","","","","","","","","","","",""
"1087","44","2026-05-31T18:30:00.000Z","2026-06-01T01:35:29.149Z","2026-06-01T04:00:18.927Z","OUT","true","2026-06-01T01:35:29.157Z","2026-06-01T01:35:29.149Z","2026-06-01T04:00:18.927Z","JNR","JNR","","","","","","","","","","","","","","","","","",""
"1111","49","2026-05-31T18:30:00.000Z","2026-06-01T07:01:45.400Z","2026-06-01T14:28:51.657Z","OUT","true","2026-06-01T07:01:45.407Z","2026-06-01T07:01:45.400Z","2026-06-01T14:28:51.657Z","JNR","JNR","","","","","","","","","","","","","","","","","",""
"1096","56","2026-05-31T18:30:00.000Z","2026-06-01T03:07:15.558Z","2026-06-01T14:43:56.283Z","OUT","true","2026-06-01T03:07:15.565Z","2026-06-01T03:07:15.558Z","2026-06-01T07:17:43.504Z","HNM","HNM","2026-06-01T12:02:04.527Z","2026-06-01T14:43:56.283Z","HNM","HNM","","","","","","","","","","","","","",""
"1095","42","2026-05-31T18:30:00.000Z","2026-06-01T02:53:22.245Z","2026-06-01T14:52:37.802Z","OUT","true","2026-06-01T02:53:22.250Z","2026-06-01T02:53:22.245Z","2026-06-01T07:40:34.886Z","JNR","JNR","2026-06-01T10:24:15.224Z","2026-06-01T14:52:37.802Z","JNR","JNR","","","","","","","","","","","","","",""
"1104","53","2026-05-31T18:30:00.000Z","2026-06-01T04:46:17.467Z","2026-06-01T14:37:35.683Z","OUT","true","2026-06-01T04:46:17.474Z","2026-06-01T04:46:17.467Z","2026-06-01T14:37:35.683Z","HNM","HNM","","","","","","","","","","","","","","","","","",""
"1080","64","2026-05-31T18:30:00.000Z","2026-06-01T01:18:37.778Z","2026-06-01T14:38:20.774Z","OUT","false","2026-06-01T01:18:37.786Z","2026-06-01T01:18:37.778Z","2026-06-01T09:36:25.356Z","HNM","HNM","2026-06-01T09:52:08.622Z","2026-06-01T14:38:20.774Z","HNM","HNM","","","","","","","","","","","","","",""
"1088","47","2026-05-31T18:30:00.000Z","2026-06-01T01:35:41.023Z","2026-06-01T11:33:42.727Z","OUT","true","2026-06-01T01:35:41.032Z","2026-06-01T01:35:41.023Z","2026-06-01T11:33:42.727Z","JNR","JNR","","","","","","","","","","","","","","","","","",""
"1093","66","2026-05-31T18:30:00.000Z","2026-06-01T02:07:34.940Z","2026-06-01T14:30:02.374Z","OUT","false","2026-06-01T02:07:34.945Z","2026-06-01T02:07:34.940Z","2026-06-01T14:30:02.374Z","JNR","JNR","","","","","","","","","","","","","","","","","",""
"1105","55","2026-05-31T18:30:00.000Z","2026-06-01T05:01:46.103Z","2026-06-01T12:32:33.831Z","OUT","true","2026-06-01T05:01:46.110Z","2026-06-01T05:01:46.103Z","2026-06-01T12:32:33.831Z","JNR","JNR","","","","","","","","","","","","","","","","","",""
"1094","67","2026-05-31T18:30:00.000Z","2026-06-01T02:51:15.777Z","2026-06-01T15:29:03.331Z","OUT","true","2026-06-01T02:51:15.783Z","2026-06-01T02:51:15.777Z","2026-06-01T06:37:20.076Z","HNM","HNM","2026-06-01T09:59:35.697Z","2026-06-01T15:29:03.331Z","HNM","HNM","","","","","","","","","","","","","",""
"1083","71","2026-05-31T18:30:00.000Z","2026-06-01T01:28:59.062Z","2026-06-01T08:51:55.991Z","OUT","false","2026-06-01T01:28:59.066Z","2026-06-01T01:28:59.062Z","2026-06-01T08:51:55.991Z","JNR","JNR","","","","","","","","","","","","","","","","","",""
"1101","59","2026-05-31T18:30:00.000Z","2026-06-01T04:01:51.751Z","2026-06-01T08:59:21.062Z","OUT","false","2026-06-01T04:01:51.756Z","2026-06-01T04:01:51.751Z","2026-06-01T08:59:21.062Z","HNM","HNM","","","","","","","","","","","","","","","","","",""
"1091","57","2026-05-31T18:30:00.000Z","2026-06-01T01:46:54.776Z","2026-06-01T15:29:54.608Z","OUT","true","2026-06-01T01:46:54.782Z","2026-06-01T01:46:54.776Z","2026-06-01T04:01:07.826Z","HNM","HNM","2026-06-01T11:02:55.054Z","2026-06-01T15:29:54.608Z","HNM","HNM","","","","","","","","","","","","","",""
"1115","74","2026-05-31T18:30:00.000Z","2026-06-01T07:36:38.416Z","2026-06-01T15:42:42.553Z","OUT","true","2026-06-01T07:36:38.728Z","2026-06-01T07:36:38.416Z","2026-06-01T15:42:42.553Z","JNR","JNR","","","","","","","","","","","","","","","","","",""
"1097","65","2026-05-31T18:30:00.000Z","2026-06-01T03:12:43.072Z","2026-06-01T15:28:23.909Z","OUT","true","2026-06-01T03:12:43.077Z","2026-06-01T03:12:43.072Z","2026-06-01T11:46:53.617Z","HNM","HNM","2026-06-01T11:47:01.874Z","2026-06-01T15:28:23.909Z","HNM","HNM","","","","","","","","","","","","","",""
"1127","61","2026-05-31T18:30:00.000Z","2026-06-01T10:45:45.182Z","2026-06-01T15:33:36.743Z","OUT","true","2026-06-01T10:45:45.217Z","2026-06-01T10:45:45.182Z","2026-06-01T15:33:36.743Z","HNM","HNM","","","","","","","","","","","","","","","","","",""
"1107","45","2026-05-31T18:30:00.000Z","2026-06-01T05:18:51.427Z","2026-06-01T14:41:49.899Z","OUT","false","2026-06-01T05:18:51.439Z","2026-06-01T05:18:51.427Z","2026-06-01T14:41:49.899Z","JNR","JNR","","","","","","","","","","","","","","","","","",""
"1085","58","2026-05-31T18:30:00.000Z","2026-06-01T01:32:50.358Z","2026-06-01T15:43:08.075Z","OUT","true","2026-06-01T01:32:50.367Z","2026-06-01T01:32:50.358Z","2026-06-01T03:53:17.730Z","JNR","JNR","2026-06-01T05:45:51.607Z","2026-06-01T08:40:49.137Z","JNR","JNR","2026-06-01T10:51:41.436Z","2026-06-01T15:43:08.075Z","JNR","JNR","","","","","","","","","",""
"1102","50","2026-05-31T18:30:00.000Z","2026-06-01T04:21:12.602Z","2026-06-01T12:27:16.480Z","OUT","false","2026-06-01T04:21:12.611Z","2026-06-01T04:21:12.602Z","2026-06-01T12:27:16.480Z","HNM","HNM","","","","","","","","","","","","","","","","","",""
"1100","43","2026-05-31T18:30:00.000Z","2026-06-01T03:51:56.447Z","2026-06-01T13:00:19.280Z","OUT","false","2026-06-01T03:51:56.458Z","2026-06-01T03:51:56.447Z","2026-06-01T13:00:19.280Z","JNR","JNR","","","","","","","","","","","","","","","","","",""
"1092","48","2026-05-31T18:30:00.000Z","2026-06-01T01:49:14.857Z","2026-06-01T14:30:06.049Z","OUT","true","2026-06-01T01:49:14.875Z","2026-06-01T01:49:14.857Z","2026-06-01T05:30:13.953Z","JNR","JNR","2026-06-01T10:04:56.983Z","2026-06-01T14:30:06.049Z","JNR","JNR","","","","","","","","","","","","","",""
"1125","72","2026-05-31T18:30:00.000Z","2026-06-01T10:23:15.094Z","2026-06-01T14:30:25.420Z","OUT","false","2026-06-01T10:23:15.102Z","2026-06-01T10:23:15.094Z","2026-06-01T14:30:25.420Z","JNR","JNR","","","","","","","","","","","","","","","","","",""
"1084","51","2026-05-31T18:30:00.000Z","2026-06-01T01:31:18.803Z","2026-06-01T14:31:46.929Z","OUT","true","2026-06-01T01:31:18.807Z","2026-06-01T01:31:18.803Z","2026-06-01T02:33:18.345Z","JNR","JNR","2026-06-01T05:30:13.494Z","2026-06-01T14:31:46.929Z","JNR","JNR","","","","","","","","","","","","","",""
"1099","75","2026-05-31T18:30:00.000Z","2026-06-01T03:21:40.495Z","2026-06-01T13:30:12.021Z","OUT","false","2026-06-01T03:21:40.499Z","2026-06-01T03:21:40.495Z","2026-06-01T13:30:12.021Z","JNR","JNR","","","","","","","","","","","","","","","","","",""
"1081","41","2026-05-31T18:30:00.000Z","2026-06-01T01:28:07.569Z","2026-06-01T14:42:07.011Z","OUT","false","2026-06-01T01:28:07.574Z","2026-06-01T01:28:07.569Z","2026-06-01T14:42:07.011Z","HNM","HNM","","","","","","","","","","","","","","","","","",""
"1148","65","2026-06-01T18:30:00.000Z","2026-06-02T01:36:32.136Z","2026-06-02T15:30:04.916Z","OUT","false","2026-06-02T01:36:32.144Z","2026-06-02T01:36:32.136Z","2026-06-02T08:30:32.919Z","HNM","HNM","2026-06-02T09:26:05.611Z","2026-06-02T15:30:04.916Z","HNM","HNM","","","","","","","","","","","","","",""
"1146","44","2026-06-01T18:30:00.000Z","2026-06-02T01:35:38.114Z","2026-06-02T10:04:48.627Z","OUT","true","2026-06-02T01:35:38.122Z","2026-06-02T01:35:38.114Z","2026-06-02T10:04:48.627Z","JNR","JNR","","","","","","","","","","","","","","","","","",""
"1141","63","2026-06-01T18:30:00.000Z","2026-06-02T01:25:57.082Z","2026-06-02T06:20:49.039Z","OUT","false","2026-06-02T01:25:57.095Z","2026-06-02T01:25:57.082Z","2026-06-02T06:20:49.039Z","HNM","HNM","","","","","","","","","","","","","","","","","",""
"1142","71","2026-06-01T18:30:00.000Z","2026-06-02T01:29:29.416Z","2026-06-02T08:42:08.833Z","OUT","false","2026-06-02T01:29:29.425Z","2026-06-02T01:29:29.416Z","2026-06-02T08:42:08.833Z","JNR","JNR","","","","","","","","","","","","","","","","","",""
"1147","62","2026-06-01T18:30:00.000Z","2026-06-02T01:36:21.169Z","2026-06-02T10:32:19.936Z","OUT","true","2026-06-02T01:36:21.174Z","2026-06-02T01:36:21.169Z","2026-06-02T10:32:19.936Z","HNM","HNM","","","","","","","","","","","","","","","","","",""
"1149","47","2026-06-01T18:30:00.000Z","2026-06-02T01:37:32.341Z","2026-06-02T11:32:29.269Z","OUT","true","2026-06-02T01:37:32.347Z","2026-06-02T01:37:32.341Z","2026-06-02T11:32:29.269Z","JNR","JNR","","","","","","","","","","","","","","","","","",""
"1150","57","2026-06-01T18:30:00.000Z","2026-06-02T01:37:57.036Z","2026-06-02T14:30:06.773Z","OUT","true","2026-06-02T01:37:57.040Z","2026-06-02T01:37:57.036Z","2026-06-02T04:00:05.776Z","HNM","HNM","2026-06-02T08:37:03.715Z","2026-06-02T14:30:06.773Z","HNM","HNM","","","","","","","","","","","","","",""
"1160","81","2026-06-01T18:30:00.000Z","2026-06-02T04:03:03.721Z","","IN","false","2026-06-02T04:03:03.730Z","2026-06-02T04:03:03.721Z","","JNR","","","","","","","","","","","","","","","","","","",""
"1166","45","2026-06-01T18:30:00.000Z","2026-06-02T05:04:32.117Z","2026-06-02T14:40:43.547Z","OUT","false","2026-06-02T05:04:32.123Z","2026-06-02T05:04:32.117Z","2026-06-02T14:40:43.547Z","JNR","JNR","","","","","","","","","","","","","","","","","",""
"1170","54","2026-05-05T18:30:00.000Z","2026-05-06T03:11:49.201Z","2026-05-06T11:30:15.441Z","OUT","false","2026-06-02T05:34:23.050Z","2026-05-06T03:11:49.201Z","2026-05-06T11:30:15.441Z","LEGACY_A","LEGACY_A","","","","","","","","","","","","","Legacy DB A Import","","","","",""
"1171","58","2026-05-01T18:30:00.000Z","2026-05-02T01:29:39.460Z","2026-05-02T15:47:32.280Z","OUT","false","2026-06-02T05:34:23.125Z","2026-05-02T01:29:39.460Z","2026-05-02T15:47:32.280Z","LEGACY_A","LEGACY_A","","","","","","","","","","","","","Legacy DB A Import","","","","",""
"1172","71","2026-05-03T18:30:00.000Z","2026-05-04T02:32:49.768Z","2026-05-04T08:45:25.591Z","OUT","true","2026-06-02T05:34:23.200Z","2026-05-04T02:32:49.768Z","2026-05-04T08:45:25.591Z","LEGACY_A","LEGACY_A","","","","","","","","","","","","","Legacy DB A Import","","","","",""
"1174","47","2026-05-03T18:30:00.000Z","2026-05-04T01:48:24.025Z","2026-05-04T09:39:05.255Z","OUT","true","2026-06-02T05:34:23.364Z","2026-05-04T01:48:24.025Z","2026-05-04T09:39:05.255Z","LEGACY_A","LEGACY_A","","","","","","","","","","","","","Legacy DB A Import","","","","",""
"1175","44","2026-05-03T18:30:00.000Z","2026-05-04T01:42:37.033Z","2026-05-04T10:00:53.882Z","OUT","true","2026-06-02T05:34:23.441Z","2026-05-04T01:42:37.033Z","2026-05-04T10:00:53.882Z","LEGACY_A","LEGACY_A","","","","","","","","","","","","","Legacy DB A Import","","","","",""
"1176","58","2026-05-03T18:30:00.000Z","2026-05-04T01:25:42.425Z","2026-05-04T15:36:44.612Z","OUT","false","2026-06-02T05:34:23.516Z","2026-05-04T01:30:00.000Z","2026-05-04T03:30:00.000Z","LEGACY_A","LEGACY_A","","","","","","","","","","","","","Legacy DB A Import","","","","",""
"1177","49","2026-05-03T18:30:00.000Z","2026-05-04T07:02:53.913Z","2026-05-04T14:25:59.847Z","OUT","true","2026-06-02T05:34:23.593Z","2026-05-04T07:02:53.913Z","2026-05-04T14:25:59.847Z","LEGACY_A","LEGACY_A","","","","","","","","","","","","","Legacy DB A Import","","","","",""
"1178","48","2026-05-03T18:30:00.000Z","2026-05-04T01:56:04.416Z","2026-05-04T14:30:03.050Z","OUT","true","2026-06-02T05:34:23.670Z","2026-05-04T01:56:04.416Z","2026-05-04T05:30:31.170Z","LEGACY_A","LEGACY_A","","","","","","","","","","","","","Legacy DB A Import","","","","",""
"1179","44","2026-05-01T18:30:00.000Z","2026-05-02T01:45:26.380Z","2026-05-02T10:00:05.933Z","OUT","true","2026-06-02T05:34:23.745Z","2026-05-02T01:45:26.380Z","2026-05-02T10:00:05.933Z","LEGACY_A","LEGACY_A","","","","","","","","","","","","","Legacy DB A Import","","","","",""
"1180","47","2026-05-01T18:30:00.000Z","2026-05-02T01:30:00.000Z","2026-05-02T11:30:07.077Z","OUT","false","2026-06-02T05:34:23.819Z","2026-05-02T01:30:00.000Z","2026-05-02T11:30:07.077Z","LEGACY_A","LEGACY_A","","","","","","","","","","","","","Legacy DB A Import","","","","",""
"1181","51","2026-05-03T18:30:00.000Z","2026-05-04T01:40:00.000Z","2026-05-04T14:30:03.494Z","OUT","true","2026-06-02T05:34:23.895Z","2026-05-04T01:40:00.000Z","2026-05-04T02:33:00.000Z","LEGACY_A","LEGACY_A","","","","","","","","","","","","","Legacy DB A Import","","","","",""
"1182","66","2026-05-03T18:30:00.000Z","2026-05-04T02:30:00.000Z","2026-05-04T14:30:42.490Z","OUT","false","2026-06-02T05:34:23.970Z","2026-05-04T02:30:00.000Z","2026-05-04T14:30:42.490Z","LEGACY_A","LEGACY_A","","","","","","","","","","","","","Legacy DB A Import","","","","",""
"1183","72","2026-05-01T18:30:00.000Z","2026-05-02T02:30:00.000Z","2026-05-02T06:30:00.000Z","OUT","false","2026-06-02T05:34:24.044Z","2026-05-02T02:30:00.000Z","2026-05-02T06:30:00.000Z","LEGACY_A","LEGACY_A","","","","","","","","","","","","","Legacy DB A Import","","","","",""
"1184","42","2026-05-03T18:30:00.000Z","2026-05-04T02:39:32.499Z","2026-05-04T15:36:43.234Z","OUT","true","2026-06-02T05:34:24.120Z","2026-05-04T02:39:32.499Z","2026-05-04T15:36:43.234Z","LEGACY_A","LEGACY_A","","","","","","","","","","","","","Legacy DB A Import","","","","",""
"1185","72","2026-05-02T18:30:00.000Z","2026-05-03T03:30:00.000Z","2026-05-03T07:30:00.000Z","OUT","false","2026-06-02T05:34:24.195Z","2026-05-03T03:30:00.000Z","2026-05-03T07:30:00.000Z","LEGACY_A","LEGACY_A","","","","","","","","","","","","","Legacy DB A Import","","","","",""
"1186","74","2026-05-03T18:30:00.000Z","2026-05-04T07:30:00.000Z","2026-05-04T15:45:00.000Z","IN","true","2026-06-02T05:34:24.272Z","2026-05-04T07:30:00.000Z","2026-05-04T15:45:00.000Z","LEGACY_A","LEGACY_A","","","","","","","","","","","","","Legacy DB A Import","","","","",""
"1187","72","2026-05-03T18:30:00.000Z","2026-05-04T10:30:00.000Z","2026-05-04T14:30:00.000Z","OUT","false","2026-06-02T05:34:24.346Z","2026-05-04T10:30:00.000Z","2026-05-04T14:30:00.000Z","LEGACY_A","LEGACY_A","","","","","","","","","","","","","Legacy DB A Import","","","","",""
"1188","72","2026-05-05T18:30:00.000Z","2026-05-06T10:21:51.894Z","2026-05-06T14:30:25.041Z","OUT","false","2026-06-02T05:34:24.424Z","2026-05-06T10:21:51.894Z","2026-05-06T14:30:25.041Z","LEGACY_A","LEGACY_A","","","","","","","","","","","","","Legacy DB A Import","","","","",""
"1189","75","2026-05-03T18:30:00.000Z","2026-05-04T03:30:00.000Z","2026-05-04T13:30:00.000Z","OUT","false","2026-06-02T05:34:24.513Z","2026-05-04T03:30:00.000Z","2026-05-04T13:30:00.000Z","LEGACY_A","LEGACY_A","","","","","","","","","","","","","Legacy DB A Import","","","","",""
"1190","75","2026-05-01T18:30:00.000Z","2026-05-02T03:20:00.000Z","2026-05-02T13:30:00.000Z","OUT","false","2026-06-02T05:34:24.589Z","2026-05-02T03:30:00.000Z","2026-05-02T13:30:00.000Z","LEGACY_A","LEGACY_A","","","","","","","","","","","","","Legacy DB A Import","","","","",""
"1191","51","2026-05-01T18:30:00.000Z","2026-05-01T20:30:00.000Z","2026-05-02T14:30:00.000Z","IN","true","2026-06-02T05:34:24.664Z","2026-05-02T02:01:00.000Z","2026-05-02T02:30:00.000Z","LEGACY_A","LEGACY_A","","","","","","","","","","","","","Legacy DB A Import","","","","",""
"1192","45","2026-05-03T18:30:00.000Z","2026-05-04T05:00:00.000Z","2026-05-04T14:40:00.000Z","OUT","false","2026-06-02T05:34:24.739Z","2026-05-04T05:00:00.000Z","2026-05-04T14:40:00.000Z","LEGACY_A","LEGACY_A","","","","","","","","","","","","","Legacy DB A Import","","","","",""
"1193","55","2026-05-03T18:30:00.000Z","2026-05-04T04:30:00.000Z","2026-05-04T12:36:00.000Z","OUT","false","2026-06-02T05:34:24.815Z","2026-05-04T04:30:00.000Z","2026-05-04T12:30:00.000Z","LEGACY_A","LEGACY_A","","","","","","","","","","","","","Legacy DB A Import","","","","",""
"1194","45","2026-05-01T18:30:00.000Z","2026-05-01T22:00:00.000Z","2026-05-02T14:32:00.000Z","OUT","true","2026-06-02T05:34:24.890Z","2026-05-02T10:00:00.000Z","2026-05-02T14:30:00.000Z","LEGACY_A","LEGACY_A","","","","","","","","","","","","","Legacy DB A Import","","","","",""
"1195","48","2026-05-01T18:30:00.000Z","2026-05-02T01:30:00.000Z","2026-05-02T14:30:00.000Z","OUT","false","2026-06-02T05:34:24.965Z","2026-05-02T01:30:00.000Z","2026-05-02T05:30:00.000Z","LEGACY_A","LEGACY_A","","","","","","","","","","","","","Legacy DB A Import","","","","",""
"1196","75","2026-05-04T18:30:00.000Z","2026-05-05T03:30:00.000Z","2026-05-04T18:30:00.000Z","IN","true","2026-06-02T05:34:25.040Z","2026-05-05T03:35:00.000Z","2026-05-04T18:30:00.000Z","LEGACY_A","LEGACY_A","","","","","","","","","","","","","Legacy DB A Import","","","","",""
"1197","74","2026-05-01T18:30:00.000Z","2026-05-02T07:55:00.000Z","2026-05-02T15:30:00.000Z","IN","true","2026-06-02T05:34:25.114Z","2026-05-02T07:55:00.000Z","2026-05-02T15:30:00.000Z","LEGACY_A","LEGACY_A","","","","","","","","","","","","","Legacy DB A Import","","","","",""
"1198","71","2026-05-01T18:30:00.000Z","2026-05-02T02:32:00.000Z","2026-05-02T09:00:55.347Z","OUT","true","2026-06-02T05:34:25.199Z","2026-05-02T02:32:00.000Z","2026-05-02T09:00:00.000Z","LEGACY_A","LEGACY_A","","","","","","","","","","","","","Legacy DB A Import","","","","",""
"1199","42","2026-05-01T18:30:00.000Z","2026-05-01T23:20:00.000Z","2026-05-02T14:30:00.000Z","IN","false","2026-06-02T05:34:25.273Z","2026-05-02T02:30:00.000Z","2026-05-02T07:00:00.000Z","LEGACY_A","LEGACY_A","","","","","","","","","","","","","Legacy DB A Import","","","","",""
"1200","49","2026-05-01T18:30:00.000Z","2026-05-02T07:05:24.107Z","2026-05-02T14:25:43.959Z","OUT","true","2026-06-02T05:34:25.348Z","2026-05-02T07:05:24.107Z","2026-05-02T14:25:43.959Z","LEGACY_A","LEGACY_A","","","","","","","","","","","","","Legacy DB A Import","","","","",""
"1202","58","2026-05-02T18:30:00.000Z","2026-05-03T03:36:42.926Z","2026-05-03T07:58:32.138Z","OUT","true","2026-06-02T05:34:25.496Z","2026-05-03T03:36:42.926Z","2026-05-03T07:58:32.138Z","LEGACY_A","LEGACY_A","","","","","","","","","","","","","Legacy DB A Import","","","","",""
"1203","47","2026-05-04T18:30:00.000Z","2026-05-05T01:37:35.097Z","2026-05-05T11:30:15.227Z","OUT","true","2026-06-02T05:34:25.574Z","2026-05-05T01:37:35.097Z","2026-05-05T11:30:15.227Z","LEGACY_A","LEGACY_A","","","","","","","","","","","","","Legacy DB A Import","","","","",""
"1204","54","2026-05-04T18:30:00.000Z","2026-05-05T03:05:00.000Z","2026-05-05T11:31:25.162Z","OUT","false","2026-06-02T05:34:25.653Z","2026-05-05T03:05:00.000Z","2026-05-05T11:31:25.162Z","LEGACY_A","LEGACY_A","","","","","","","","","","","","","Legacy DB A Import","","","","",""
"1205","60","2026-05-01T18:30:00.000Z","2026-05-02T02:00:00.000Z","2026-05-02T13:56:00.000Z","IN","true","2026-06-02T05:34:25.728Z","2026-05-02T02:00:00.000Z","2026-05-02T05:48:00.000Z","LEGACY_A","LEGACY_A","","","","","","","","","","","","","Legacy DB A Import","","","","",""
"1206","45","2026-05-04T18:30:00.000Z","2026-05-05T05:31:14.574Z","2026-05-05T14:42:37.386Z","OUT","true","2026-06-02T05:34:25.802Z","2026-05-05T05:31:14.574Z","2026-05-05T14:42:37.386Z","LEGACY_A","LEGACY_A","","","","","","","","","","","","","Legacy DB A Import","","","","",""
"1207","54","2026-05-01T18:30:00.000Z","2026-05-02T03:30:00.000Z","2026-05-02T11:30:00.000Z","OUT","false","2026-06-02T05:34:25.878Z","2026-05-02T03:30:00.000Z","2026-05-02T11:30:00.000Z","LEGACY_A","LEGACY_A","","","","","","","","","","","","","Legacy DB A Import","","","","",""
"1208","54","2026-05-03T18:30:00.000Z","2026-05-04T03:30:00.000Z","2026-05-04T11:30:00.000Z","OUT","false","2026-06-02T05:34:25.952Z","2026-05-04T03:30:00.000Z","2026-05-04T11:30:00.000Z","LEGACY_A","LEGACY_A","","","","","","","","","","","","","Legacy DB A Import","","","","",""
"1209","74","2026-05-04T18:30:00.000Z","2026-05-05T07:40:00.000Z","2026-05-05T15:30:57.478Z","OUT","true","2026-06-02T05:34:26.026Z","2026-05-05T07:40:00.000Z","2026-05-05T15:30:57.478Z","LEGACY_A","LEGACY_A","","","","","","","","","","","","","Legacy DB A Import","","","","",""
"1210","58","2026-05-04T18:30:00.000Z","2026-05-05T01:31:55.998Z","2026-05-05T15:35:51.817Z","OUT","true","2026-06-02T05:34:26.101Z","2026-05-05T01:31:55.998Z","2026-05-05T03:42:29.938Z","LEGACY_A","LEGACY_A","","","","","","","","","","","","","Legacy DB A Import","","","","",""
"1211","72","2026-05-04T18:30:00.000Z","2026-05-05T09:00:00.000Z","2026-05-05T14:30:11.297Z","OUT","false","2026-06-02T05:34:26.176Z","2026-05-05T09:00:00.000Z","2026-05-05T14:30:11.297Z","LEGACY_A","LEGACY_A","","","","","","","","","","","","","Legacy DB A Import","","","","",""
"1212","66","2026-05-04T18:30:00.000Z","2026-05-05T02:33:46.644Z","2026-05-05T14:30:12.436Z","OUT","true","2026-06-02T05:34:26.250Z","2026-05-05T02:33:46.644Z","2026-05-05T14:30:12.436Z","LEGACY_A","LEGACY_A","","","","","","","","","","","","","Legacy DB A Import","","","","",""
"1214","44","2026-05-04T18:30:00.000Z","2026-05-05T01:53:37.437Z","2026-05-05T10:03:30.677Z","OUT","true","2026-06-02T05:34:26.401Z","2026-05-05T01:53:37.437Z","2026-05-05T10:03:30.677Z","LEGACY_A","LEGACY_A","","","","","","","","","","","","","Legacy DB A Import","","","","",""
"1169","60","2026-05-03T18:30:00.000Z","2026-05-04T10:11:21.302Z","2026-05-04T15:32:36.675Z","OUT","true","2026-06-02T05:34:22.783Z","2026-05-04T10:11:21.302Z","2026-05-04T15:32:36.675Z","LEGACY_B","LEGACY_B","","","","","","","","","","","","","Legacy DB B Import","","","","",""
"1173","41","2026-05-01T18:30:00.000Z","2026-05-02T01:30:00.000Z","2026-05-02T14:30:00.000Z","OUT","false","2026-06-02T05:34:23.284Z","2026-05-02T01:30:00.000Z","2026-05-02T02:30:00.000Z","LEGACY_B","LEGACY_B","","","","","","","","","","","","","Legacy DB B Import","","","","",""
"1201","48","2026-05-04T18:30:00.000Z","2026-05-05T10:00:00.000Z","2026-05-05T14:30:47.476Z","OUT","true","2026-06-02T05:34:25.423Z","2026-05-05T10:00:00.000Z","2026-05-05T14:30:47.476Z","LEGACY_A","LEGACY_A","","","","","","","","","","","","","Legacy DB A Import","","","","",""
"1213","71","2026-05-04T18:30:00.000Z","2026-05-05T02:28:48.662Z","2026-05-05T08:36:48.835Z","OUT","true","2026-06-02T05:34:26.325Z","2026-05-05T02:28:48.662Z","2026-05-05T08:36:48.835Z","LEGACY_A","LEGACY_A","","","","","","","","","","","","","Legacy DB A Import","","","","",""
"1154","42","2026-06-01T18:30:00.000Z","2026-06-02T02:40:06.327Z","2026-06-02T14:43:25.293Z","OUT","true","2026-06-02T02:40:07.029Z","2026-06-02T02:40:06.327Z","2026-06-02T07:34:31.469Z","HNM","HNM","2026-06-02T10:25:56.909Z","2026-06-02T14:43:25.293Z","HNM","HNM","","","","","","","","","","","","","",""
"1161","59","2026-06-01T18:30:00.000Z","2026-06-02T04:08:05.764Z","2026-06-02T11:30:01.358Z","OUT","false","2026-06-02T04:08:05.769Z","2026-06-02T04:08:05.764Z","2026-06-02T11:30:01.358Z","HNM","HNM","","","","","","","","","","","","","","","","","",""
"1165","56","2026-06-01T18:30:00.000Z","2026-06-02T05:00:21.227Z","2026-06-02T14:58:21.297Z","OUT","false","2026-06-02T05:00:21.236Z","2026-06-02T05:00:21.227Z","2026-06-02T14:58:21.297Z","HNM","HNM","","","","","","","","","","","","","","","","","",""
"1159","43","2026-06-01T18:30:00.000Z","2026-06-02T03:49:37.245Z","2026-06-02T11:08:07.268Z","OUT","false","2026-06-02T03:49:37.252Z","2026-06-02T03:49:37.245Z","2026-06-02T11:08:07.268Z","JNR","JNR","","","","","","","","","","","","","","","","","",""
"1156","54","2026-06-01T18:30:00.000Z","2026-06-02T02:56:38.816Z","2026-06-02T11:31:35.596Z","OUT","false","2026-06-02T02:56:38.824Z","2026-06-02T02:56:38.816Z","2026-06-02T11:31:35.596Z","JNR","JNR","","","","","","","","","","","","","","","","","",""
"1163","50","2026-06-01T18:30:00.000Z","2026-06-02T04:28:52.643Z","2026-06-02T12:11:53.492Z","OUT","false","2026-06-02T04:28:52.653Z","2026-06-02T04:28:52.643Z","2026-06-02T12:11:53.492Z","JNR","JNR","","","","","","","","","","","","","","","","","",""
"1164","80","2026-06-01T18:30:00.000Z","2026-06-02T04:53:06.390Z","2026-06-02T12:46:42.689Z","OUT","true","2026-06-02T04:53:06.396Z","2026-06-02T04:53:06.390Z","2026-06-02T12:46:42.689Z","JNR","JNR","","","","","","","","","","","","","","","","","",""
"1158","52","2026-06-01T18:30:00.000Z","2026-06-02T03:29:20.545Z","2026-06-02T13:23:02.743Z","OUT","false","2026-06-02T03:29:20.554Z","2026-06-02T03:29:20.545Z","2026-06-02T13:23:02.743Z","HNM","HNM","","","","","","","","","","","","","","","","","",""
"1157","75","2026-06-01T18:30:00.000Z","2026-06-02T03:19:05.341Z","2026-06-02T13:32:13.196Z","OUT","false","2026-06-02T03:19:05.348Z","2026-06-02T03:19:05.341Z","2026-06-02T13:32:13.196Z","JNR","JNR","","","","","","","","","","","","","","","","","",""
"1143","51","2026-06-01T18:30:00.000Z","2026-06-02T01:30:32.400Z","2026-06-02T14:30:18.678Z","OUT","true","2026-06-02T01:30:32.406Z","2026-06-02T01:30:32.400Z","2026-06-02T02:41:07.207Z","JNR","JNR","2026-06-02T05:31:02.745Z","2026-06-02T14:30:18.678Z","JNR","JNR","","","","","","","","","","","","","",""
"1155","67","2026-06-01T18:30:00.000Z","2026-06-02T02:43:53.659Z","2026-06-02T15:35:58.496Z","OUT","true","2026-06-02T02:43:53.664Z","2026-06-02T02:43:53.659Z","2026-06-02T06:56:18.681Z","JNR","JNR","2026-06-02T10:01:53.486Z","2026-06-02T15:35:58.496Z","JNR","JNR","","","","","","","","","","","","","",""
"1215","51","2026-05-04T18:30:00.000Z","2026-05-05T01:47:43.874Z","2026-05-05T14:30:17.082Z","OUT","true","2026-06-02T05:34:26.475Z","2026-05-05T01:47:43.874Z","2026-05-05T02:37:56.811Z","LEGACY_A","LEGACY_A","","","","","","","","","","","","","Legacy DB A Import","","","","",""
"1217","49","2026-05-05T18:30:00.000Z","2026-05-06T07:06:02.535Z","2026-05-06T14:27:22.758Z","OUT","true","2026-06-02T05:34:26.638Z","2026-05-06T07:06:02.535Z","2026-05-06T14:27:22.758Z","LEGACY_A","LEGACY_A","","","","","","","","","","","","","Legacy DB A Import","","","","",""
"1218","58","2026-05-05T18:30:00.000Z","2026-05-06T05:17:12.347Z","2026-05-06T15:30:00.000Z","OUT","false","2026-06-02T05:34:26.714Z","2026-05-06T01:26:31.106Z","2026-05-06T03:42:19.050Z","LEGACY_A","LEGACY_A","","","","","","","","","","","","","Legacy DB A Import","","","","",""
"1219","48","2026-05-05T18:30:00.000Z","2026-05-06T01:56:00.962Z","2026-05-06T14:29:35.532Z","OUT","true","2026-06-02T05:34:26.790Z","2026-05-06T01:56:00.962Z","2026-05-06T05:30:30.608Z","LEGACY_A","LEGACY_A","","","","","","","","","","","","","Legacy DB A Import","","","","",""
"1220","43","2026-05-04T18:30:00.000Z","2026-05-05T04:00:00.000Z","2026-05-05T13:00:00.000Z","OUT","false","2026-06-02T05:34:26.875Z","2026-05-05T04:00:00.000Z","2026-05-05T13:00:00.000Z","LEGACY_A","LEGACY_A","","","","","","","","","","","","","Legacy DB A Import","","","","",""
"1222","44","2026-05-05T18:30:00.000Z","2026-05-06T01:29:50.546Z","2026-05-06T09:58:18.256Z","OUT","false","2026-06-02T05:34:27.026Z","2026-05-06T01:29:50.546Z","2026-05-06T09:58:18.256Z","LEGACY_A","LEGACY_A","","","","","","","","","","","","","Legacy DB A Import","","","","",""
"1223","66","2026-05-05T18:30:00.000Z","2026-05-06T02:41:27.965Z","2026-05-06T14:30:02.971Z","OUT","true","2026-06-02T05:34:27.100Z","2026-05-06T02:41:27.965Z","2026-05-06T14:30:02.971Z","LEGACY_A","LEGACY_A","","","","","","","","","","","","","Legacy DB A Import","","","","",""
"1224","47","2026-05-05T18:30:00.000Z","2026-05-06T01:42:29.756Z","2026-05-06T11:32:08.901Z","OUT","true","2026-06-02T05:34:27.180Z","2026-05-06T01:42:29.756Z","2026-05-06T11:32:08.901Z","LEGACY_A","LEGACY_A","","","","","","","","","","","","","Legacy DB A Import","","","","",""
"1225","43","2026-05-05T18:30:00.000Z","2026-05-06T04:00:00.000Z","2026-05-06T13:00:12.965Z","OUT","false","2026-06-02T05:34:27.255Z","2026-05-06T04:00:00.000Z","2026-05-06T13:00:12.965Z","LEGACY_A","LEGACY_A","","","","","","","","","","","","","Legacy DB A Import","","","","",""
"1226","75","2026-05-05T18:30:00.000Z","2026-05-06T03:11:57.317Z","2026-05-06T13:28:39.473Z","OUT","false","2026-06-02T05:34:27.331Z","2026-05-06T03:12:17.450Z","2026-05-06T13:28:39.473Z","LEGACY_A","LEGACY_A","","","","","","","","","","","","","Legacy DB A Import","","","","",""
"1227","51","2026-05-05T18:30:00.000Z","2026-05-06T01:40:09.315Z","2026-05-06T14:30:17.803Z","OUT","true","2026-06-02T05:34:27.407Z","2026-05-06T01:40:09.315Z","2026-05-06T02:37:27.904Z","LEGACY_A","LEGACY_A","","","","","","","","","","","","","Legacy DB A Import","","","","",""
"1228","45","2026-05-05T18:30:00.000Z","2026-05-06T06:17:11.745Z","2026-05-06T15:06:49.114Z","OUT","true","2026-06-02T05:34:27.483Z","2026-05-06T06:17:11.745Z","2026-05-06T15:06:49.114Z","LEGACY_A","LEGACY_A","","","","","","","","","","","","","Legacy DB A Import","","","","",""
"1229","42","2026-05-05T18:30:00.000Z","2026-05-06T02:30:30.076Z","2026-05-06T15:39:15.088Z","OUT","true","2026-06-02T05:34:27.558Z","2026-05-06T02:30:30.076Z","2026-05-06T15:39:15.088Z","LEGACY_A","LEGACY_A","","","","","","","","","","","","","Legacy DB A Import","","","","",""
"1230","74","2026-05-05T18:30:00.000Z","2026-05-06T07:55:11.561Z","2026-05-06T15:38:43.457Z","OUT","true","2026-06-02T05:34:27.632Z","2026-05-06T07:55:11.561Z","2026-05-06T15:38:43.457Z","LEGACY_A","LEGACY_A","","","","","","","","","","","","","Legacy DB A Import","","","","",""
"1231","41","2026-05-06T18:30:00.000Z","2026-05-07T01:26:50.861Z","","IN","false","2026-06-02T05:34:27.707Z","2026-05-07T01:26:50.861Z","","LEGACY_A","LEGACY_A","","","","","","","","","","","","","Legacy DB A Import","","","","",""
"1232","67","2026-05-04T18:30:00.000Z","2026-05-05T02:43:00.000Z","2026-05-05T15:29:15.336Z","OUT","true","2026-06-02T05:34:27.797Z","2026-05-05T02:43:00.000Z","2026-05-05T06:30:00.000Z","LEGACY_A","LEGACY_A","","","","","","","","","","","","","Legacy DB A Import","","","","",""
"1233","47","2026-05-06T18:30:00.000Z","2026-05-07T01:36:51.700Z","2026-05-07T11:31:34.670Z","OUT","true","2026-06-02T05:34:27.872Z","2026-05-07T01:36:51.700Z","2026-05-07T11:31:34.670Z","LEGACY_A","LEGACY_A","","","","","","","","","","","","","Legacy DB A Import","","","","",""
"1234","55","2026-05-01T18:30:00.000Z","2026-05-02T04:30:00.000Z","2026-05-02T12:30:00.000Z","IN","false","2026-06-02T05:34:27.953Z","2026-05-02T04:30:00.000Z","2026-05-02T12:30:00.000Z","LEGACY_A","LEGACY_A","","","","","","","","","","","","","Legacy DB A Import","","","","",""
"1235","44","2026-05-06T18:30:00.000Z","2026-05-07T01:42:15.310Z","2026-05-07T10:00:26.704Z","OUT","true","2026-06-02T05:34:28.036Z","2026-05-07T01:42:15.310Z","2026-05-07T10:00:26.704Z","LEGACY_A","LEGACY_A","","","","","","","","","","","","","Legacy DB A Import","","","","",""
"1236","60","2026-05-06T18:30:00.000Z","2026-05-07T01:56:39.158Z","2026-05-07T14:32:06.395Z","OUT","true","2026-06-02T05:34:28.110Z","2026-05-07T01:56:39.158Z","2026-05-07T04:23:34.114Z","LEGACY_A","LEGACY_A","","","","","","","","","","","","","Legacy DB A Import","","","","",""
"1237","75","2026-05-06T18:30:00.000Z","2026-05-07T03:15:31.448Z","2026-05-07T03:15:51.009Z","IN","false","2026-06-02T05:34:28.185Z","2026-05-07T03:16:38.906Z","2026-05-07T03:15:51.009Z","LEGACY_A","LEGACY_A","","","","","","","","","","","","","Legacy DB A Import","","","","",""
"1238","47","2026-05-08T18:30:00.000Z","2026-05-09T01:47:30.035Z","2026-05-09T11:33:24.966Z","OUT","true","2026-06-02T05:34:28.260Z","2026-05-09T01:47:30.035Z","2026-05-09T11:33:24.966Z","LEGACY_A","LEGACY_A","","","","","","","","","","","","","Legacy DB A Import","","","","",""
"1239","55","2026-05-04T18:30:00.000Z","2026-05-05T04:30:00.000Z","2026-05-05T12:30:00.000Z","OUT","true","2026-06-02T05:34:28.335Z","2026-05-05T05:00:00.000Z","2026-05-05T12:30:00.000Z","LEGACY_A","LEGACY_A","","","","","","","","","","","","","Legacy DB A Import","","","","",""
"1240","55","2026-05-05T18:30:00.000Z","2026-05-06T04:30:00.000Z","2026-05-06T12:30:00.000Z","OUT","false","2026-06-02T05:34:28.410Z","2026-05-06T04:30:00.000Z","2026-05-06T12:30:00.000Z","LEGACY_A","LEGACY_A","","","","","","","","","","","","","Legacy DB A Import","","","","",""
"1241","71","2026-05-07T18:30:00.000Z","2026-05-08T02:31:50.892Z","2026-05-08T08:31:33.941Z","OUT","true","2026-06-02T05:34:28.486Z","2026-05-08T02:31:50.892Z","2026-05-08T08:31:33.941Z","LEGACY_A","LEGACY_A","","","","","","","","","","","","","Legacy DB A Import","","","","",""
"1242","44","2026-05-07T18:30:00.000Z","2026-05-08T01:33:33.187Z","2026-05-08T10:02:32.034Z","OUT","true","2026-06-02T05:34:28.561Z","2026-05-08T01:33:33.187Z","2026-05-08T10:02:32.034Z","LEGACY_A","LEGACY_A","","","","","","","","","","","","","Legacy DB A Import","","","","",""
"1243","55","2026-05-08T18:30:00.000Z","2026-05-09T04:26:12.379Z","2026-05-09T11:43:20.699Z","OUT","false","2026-06-02T05:34:28.636Z","2026-05-09T04:26:12.379Z","2026-05-09T11:43:20.699Z","LEGACY_A","LEGACY_A","","","","","","","","","","","","","Legacy DB A Import","","","","",""
"1244","54","2026-05-08T18:30:00.000Z","2026-05-09T03:03:23.803Z","2026-05-09T11:52:22.047Z","OUT","false","2026-06-02T05:34:28.713Z","2026-05-09T03:03:23.803Z","2026-05-09T11:52:22.047Z","LEGACY_A","LEGACY_A","","","","","","","","","","","","","Legacy DB A Import","","","","",""
"1246","74","2026-05-10T18:30:00.000Z","2026-05-11T07:17:08.843Z","2026-05-11T15:31:50.736Z","OUT","true","2026-06-02T05:34:28.864Z","2026-05-11T07:17:08.843Z","2026-05-11T15:31:50.736Z","LEGACY_A","LEGACY_A","","","","","","","","","","","","","Legacy DB A Import","","","","",""
"1247","47","2026-05-07T18:30:00.000Z","2026-05-08T01:39:41.172Z","2026-05-08T11:30:55.834Z","OUT","true","2026-06-02T05:34:28.939Z","2026-05-08T01:39:41.172Z","2026-05-08T11:30:55.834Z","LEGACY_A","LEGACY_A","","","","","","","","","","","","","Legacy DB A Import","","","","",""
"1248","54","2026-05-07T18:30:00.000Z","2026-05-08T03:06:36.304Z","2026-05-08T11:31:35.139Z","OUT","false","2026-06-02T05:34:29.014Z","2026-05-08T03:06:36.304Z","2026-05-08T11:31:35.139Z","LEGACY_A","LEGACY_A","","","","","","","","","","","","","Legacy DB A Import","","","","",""
"1249","43","2026-05-06T18:30:00.000Z","2026-05-07T04:00:17.880Z","2026-05-07T10:54:35.998Z","OUT","true","2026-06-02T05:34:29.089Z","2026-05-07T04:00:17.880Z","2026-05-07T10:54:35.998Z","LEGACY_A","LEGACY_A","","","","","","","","","","","","","Legacy DB A Import","","","","",""
"1250","55","2026-05-07T18:30:00.000Z","2026-05-08T04:16:28.799Z","2026-05-08T12:30:03.295Z","OUT","false","2026-06-02T05:34:29.173Z","2026-05-08T04:16:28.799Z","2026-05-08T12:30:03.295Z","LEGACY_A","LEGACY_A","","","","","","","","","","","","","Legacy DB A Import","","","","",""
"1251","48","2026-05-07T18:30:00.000Z","2026-05-08T10:00:00.000Z","2026-05-08T14:30:00.000Z","OUT","false","2026-06-02T05:34:29.248Z","2026-05-08T01:30:00.000Z","2026-05-08T05:30:00.000Z","LEGACY_A","LEGACY_A","","","","","","","","","","","","","Legacy DB A Import","","","","",""
"1252","49","2026-05-08T18:30:00.000Z","2026-05-09T07:04:41.042Z","2026-05-09T14:29:33.439Z","OUT","true","2026-06-02T05:34:29.324Z","2026-05-09T07:04:41.042Z","2026-05-09T14:29:33.439Z","LEGACY_A","LEGACY_A","","","","","","","","","","","","","Legacy DB A Import","","","","",""
"1253","54","2026-05-06T18:30:00.000Z","2026-05-07T03:06:31.987Z","2026-05-07T11:31:16.793Z","OUT","false","2026-06-02T05:34:29.405Z","2026-05-07T03:06:31.987Z","2026-05-07T11:31:16.793Z","LEGACY_A","LEGACY_A","","","","","","","","","","","","","Legacy DB A Import","","","","",""
"1254","50","2026-05-06T18:30:00.000Z","2026-05-07T04:43:16.267Z","2026-05-07T11:59:28.775Z","OUT","true","2026-06-02T05:34:29.480Z","2026-05-07T04:43:16.267Z","2026-05-07T11:59:28.775Z","LEGACY_A","LEGACY_A","","","","","","","","","","","","","Legacy DB A Import","","","","",""
"1255","55","2026-05-06T18:30:00.000Z","2026-05-07T04:32:00.000Z","2026-05-07T12:27:46.749Z","OUT","true","2026-06-02T05:34:29.554Z","2026-05-07T04:32:00.000Z","2026-05-07T12:27:46.749Z","LEGACY_A","LEGACY_A","","","","","","","","","","","","","Legacy DB A Import","","","","",""
"1256","51","2026-05-08T18:30:00.000Z","2026-05-09T01:37:38.713Z","2026-05-09T14:30:24.945Z","OUT","true","2026-06-02T05:34:29.629Z","2026-05-09T01:37:38.713Z","2026-05-09T02:34:30.961Z","LEGACY_A","LEGACY_A","","","","","","","","","","","","","Legacy DB A Import","","","","",""
"1258","51","2026-05-06T18:30:00.000Z","2026-05-07T01:35:24.243Z","2026-05-07T14:30:46.331Z","OUT","true","2026-06-02T05:34:29.778Z","2026-05-07T01:35:24.243Z","2026-05-07T02:40:00.439Z","LEGACY_A","LEGACY_A","","","","","","","","","","","","","Legacy DB A Import","","","","",""
"1259","49","2026-05-06T18:30:00.000Z","2026-05-07T07:08:41.022Z","2026-05-07T14:31:16.999Z","OUT","true","2026-06-02T05:34:29.863Z","2026-05-07T07:08:41.022Z","2026-05-07T14:31:16.999Z","LEGACY_A","LEGACY_A","","","","","","","","","","","","","Legacy DB A Import","","","","",""
"1260","48","2026-05-06T18:30:00.000Z","2026-05-07T01:56:13.595Z","2026-05-07T14:31:23.554Z","OUT","true","2026-06-02T05:34:29.938Z","2026-05-07T01:56:13.595Z","2026-05-07T05:30:09.040Z","LEGACY_A","LEGACY_A","","","","","","","","","","","","","Legacy DB A Import","","","","",""
"1261","72","2026-05-06T18:30:00.000Z","2026-05-07T10:35:32.958Z","2026-05-07T14:32:03.944Z","OUT","true","2026-06-02T05:34:30.012Z","2026-05-07T10:38:53.780Z","2026-05-07T14:32:03.944Z","LEGACY_A","LEGACY_A","","","","","","","","","","","","","Legacy DB A Import","","","","",""
"1262","45","2026-05-06T18:30:00.000Z","2026-05-07T05:55:54.073Z","2026-05-07T14:57:39.340Z","OUT","true","2026-06-02T05:34:30.087Z","2026-05-07T05:55:54.073Z","2026-05-07T14:57:39.340Z","LEGACY_A","LEGACY_A","","","","","","","","","","","","","Legacy DB A Import","","","","",""
"1263","74","2026-05-06T18:30:00.000Z","2026-05-07T07:34:27.035Z","2026-05-07T15:33:24.324Z","OUT","true","2026-06-02T05:34:30.162Z","2026-05-07T07:34:27.035Z","2026-05-07T15:33:24.324Z","LEGACY_A","LEGACY_A","","","","","","","","","","","","","Legacy DB A Import","","","","",""
"1264","58","2026-05-06T18:30:00.000Z","2026-05-07T01:25:50.575Z","2026-05-07T15:40:41.768Z","OUT","false","2026-06-02T05:34:30.236Z","2026-05-07T01:25:50.575Z","2026-05-07T03:42:51.678Z","LEGACY_A","LEGACY_A","","","","","","","","","","","","","Legacy DB A Import","","","","",""
"1265","60","2026-05-08T18:30:00.000Z","2026-05-09T01:55:53.053Z","2026-05-09T14:30:35.122Z","OUT","true","2026-06-02T05:34:30.313Z","2026-05-09T01:55:53.053Z","2026-05-09T05:57:08.026Z","LEGACY_A","LEGACY_A","","","","","","","","","","","","","Legacy DB A Import","","","","",""
"1266","72","2026-05-08T18:30:00.000Z","2026-05-09T10:16:56.458Z","2026-05-09T14:31:38.259Z","OUT","false","2026-06-02T05:34:30.394Z","2026-05-09T10:16:56.458Z","2026-05-09T14:31:38.259Z","LEGACY_A","LEGACY_A","","","","","","","","","","","","","Legacy DB A Import","","","","",""
"1267","43","2026-05-07T18:30:00.000Z","2026-05-08T04:05:00.656Z","2026-05-08T13:03:34.431Z","OUT","true","2026-06-02T05:34:30.469Z","2026-05-08T04:05:00.656Z","2026-05-08T13:03:34.431Z","LEGACY_A","LEGACY_A","","","","","","","","","","","","","Legacy DB A Import","","","","",""
"1268","66","2026-05-07T18:30:00.000Z","2026-05-08T02:33:26.842Z","2026-05-08T14:30:00.970Z","OUT","true","2026-06-02T05:34:30.545Z","2026-05-08T02:33:26.842Z","2026-05-08T14:30:00.970Z","LEGACY_A","LEGACY_A","","","","","","","","","","","","","Legacy DB A Import","","","","",""
"1269","51","2026-05-07T18:30:00.000Z","2026-05-08T01:44:11.084Z","2026-05-08T14:30:03.727Z","OUT","true","2026-06-02T05:34:30.620Z","2026-05-08T01:44:11.084Z","2026-05-08T02:42:18.305Z","LEGACY_A","LEGACY_A","","","","","","","","","","","","","Legacy DB A Import","","","","",""
"1270","72","2026-05-07T18:30:00.000Z","2026-05-08T09:46:51.270Z","2026-05-08T14:30:47.803Z","OUT","false","2026-06-02T05:34:30.696Z","2026-05-08T09:46:51.270Z","2026-05-08T14:30:47.803Z","LEGACY_A","LEGACY_A","","","","","","","","","","","","","Legacy DB A Import","","","","",""
"1271","45","2026-05-07T18:30:00.000Z","2026-05-08T05:36:50.970Z","2026-05-08T14:39:25.653Z","OUT","true","2026-06-02T05:34:30.770Z","2026-05-08T05:36:50.970Z","2026-05-08T14:39:25.653Z","LEGACY_A","LEGACY_A","","","","","","","","","","","","","Legacy DB A Import","","","","",""
"1272","67","2026-05-07T18:30:00.000Z","2026-05-08T03:01:58.854Z","2026-05-08T15:35:17.638Z","OUT","true","2026-06-02T05:34:30.844Z","2026-05-08T03:01:58.854Z","2026-05-08T06:57:19.934Z","LEGACY_A","LEGACY_A","","","","","","","","","","","","","Legacy DB A Import","","","","",""
"1257","66","2026-05-06T18:30:00.000Z","2026-05-07T01:53:35.943Z","2026-05-07T14:30:01.448Z","OUT","false","2026-06-02T05:34:29.704Z","2026-05-07T01:53:35.943Z","2026-05-07T14:30:01.448Z","LEGACY_B","LEGACY_B","","","","","","","","","","","","","Legacy DB B Import","","","","",""
"1221","71","2026-05-05T18:30:00.000Z","2026-05-06T02:29:30.519Z","2026-05-06T08:44:08.509Z","OUT","true","2026-06-02T05:34:26.950Z","2026-05-06T02:29:30.519Z","2026-05-06T08:44:08.509Z","LEGACY_A","LEGACY_A","","","","","","","","","","","","","Legacy DB A Import","","","","",""
"1245","71","2026-05-06T18:30:00.000Z","2026-05-07T02:29:32.531Z","2026-05-07T08:35:36.682Z","OUT","true","2026-06-02T05:34:28.788Z","2026-05-07T02:29:32.531Z","2026-05-07T08:35:36.682Z","LEGACY_A","LEGACY_A","","","","","","","","","","","","","Legacy DB A Import","","","","",""
"1273","74","2026-05-07T18:30:00.000Z","2026-05-08T07:26:04.315Z","2026-05-08T15:36:59.531Z","OUT","true","2026-06-02T05:34:30.919Z","2026-05-08T07:26:04.315Z","2026-05-08T15:36:59.531Z","LEGACY_A","LEGACY_A","","","","","","","","","","","","","Legacy DB A Import","","","","",""
"1274","48","2026-05-08T18:30:00.000Z","2026-05-09T10:25:49.608Z","2026-05-09T14:31:57.663Z","OUT","true","2026-06-02T05:34:31.002Z","2026-05-09T10:25:49.608Z","2026-05-09T14:31:57.663Z","LEGACY_A","LEGACY_A","","","","","","","","","","","","","Legacy DB A Import","","","","",""
"1275","58","2026-05-07T18:30:00.000Z","2026-05-08T01:35:31.306Z","2026-05-08T15:48:50.293Z","OUT","true","2026-06-02T05:34:31.078Z","2026-05-08T01:35:31.306Z","2026-05-08T03:44:49.846Z","LEGACY_A","LEGACY_A","","","","","","","","","","","","","Legacy DB A Import","","","","",""
"1276","45","2026-05-08T18:30:00.000Z","2026-05-09T05:37:52.717Z","2026-05-09T14:34:41.699Z","OUT","true","2026-06-02T05:34:31.152Z","2026-05-09T05:37:52.717Z","2026-05-09T14:34:41.699Z","LEGACY_A","LEGACY_A","","","","","","","","","","","","","Legacy DB A Import","","","","",""
"1277","41","2026-05-08T18:30:00.000Z","2026-05-09T01:23:26.594Z","2026-05-09T15:21:36.855Z","OUT","false","2026-06-02T05:34:31.227Z","2026-05-09T01:23:26.594Z","2026-05-09T15:21:36.855Z","LEGACY_A","LEGACY_A","","","","","","","","","","","","","Legacy DB A Import","","","","",""
"1278","74","2026-05-08T18:30:00.000Z","2026-05-09T07:52:20.191Z","2026-05-09T15:28:49.536Z","OUT","true","2026-06-02T05:34:31.301Z","2026-05-09T07:52:20.191Z","2026-05-09T15:28:49.536Z","LEGACY_A","LEGACY_A","","","","","","","","","","","","","Legacy DB A Import","","","","",""
"1279","71","2026-05-10T18:30:00.000Z","2026-05-11T01:29:44.660Z","2026-05-11T08:45:13.958Z","OUT","false","2026-06-02T05:34:31.375Z","2026-05-11T01:29:44.660Z","2026-05-11T08:45:13.958Z","LEGACY_A","LEGACY_A","","","","","","","","","","","","","Legacy DB A Import","","","","",""
"1280","75","2026-05-08T18:30:00.000Z","2026-05-09T03:12:02.745Z","","IN","false","2026-06-02T05:34:31.450Z","2026-05-09T03:12:02.745Z","","LEGACY_A","LEGACY_A","","","","","","","","","","","","","Legacy DB A Import","","","","",""
"1281","58","2026-05-10T18:30:00.000Z","2026-05-11T01:39:39.700Z","2026-05-11T15:32:11.528Z","OUT","true","2026-06-02T05:34:31.533Z","2026-05-11T01:39:39.700Z","2026-05-11T03:55:21.639Z","LEGACY_A","LEGACY_A","","","","","","","","","","","","","Legacy DB A Import","","","","",""
"1282","75","2026-05-09T18:30:00.000Z","2026-05-10T03:25:17.930Z","2026-05-10T07:29:58.584Z","OUT","false","2026-06-02T05:34:31.608Z","2026-05-10T03:25:17.930Z","2026-05-10T07:29:58.584Z","LEGACY_A","LEGACY_A","","","","","","","","","","","","","Legacy DB A Import","","","","",""
"1284","44","2026-05-08T18:30:00.000Z","2026-05-09T01:33:02.753Z","2026-05-09T10:02:04.232Z","OUT","true","2026-06-02T05:34:31.758Z","2026-05-09T01:33:02.753Z","2026-05-09T10:02:04.232Z","LEGACY_A","LEGACY_A","","","","","","","","","","","","","Legacy DB A Import","","","","",""
"1285","54","2026-05-10T18:30:00.000Z","2026-05-11T03:12:50.150Z","2026-05-11T11:30:48.922Z","OUT","false","2026-06-02T05:34:31.832Z","2026-05-11T03:12:50.150Z","2026-05-11T11:30:48.922Z","LEGACY_A","LEGACY_A","","","","","","","","","","","","","Legacy DB A Import","","","","",""
"1286","47","2026-05-10T18:30:00.000Z","2026-05-11T01:39:50.277Z","2026-05-11T11:31:55.469Z","OUT","true","2026-06-02T05:34:31.920Z","2026-05-11T01:39:50.277Z","2026-05-11T11:31:55.469Z","LEGACY_A","LEGACY_A","","","","","","","","","","","","","Legacy DB A Import","","","","",""
"1287","75","2026-05-10T18:30:00.000Z","2026-05-11T03:20:17.231Z","","IN","false","2026-06-02T05:34:31.995Z","2026-05-11T03:20:17.231Z","","LEGACY_A","LEGACY_A","","","","","","","","","","","","","Legacy DB A Import","","","","",""
"1288","49","2026-05-10T18:30:00.000Z","2026-05-11T06:32:19.403Z","2026-05-11T14:27:33.362Z","OUT","false","2026-06-02T05:34:32.070Z","2026-05-11T06:32:19.403Z","2026-05-11T14:27:33.362Z","LEGACY_A","LEGACY_A","","","","","","","","","","","","","Legacy DB A Import","","","","",""
"1289","43","2026-05-10T18:30:00.000Z","2026-05-11T06:45:25.284Z","","IN","true","2026-06-02T05:34:32.145Z","2026-05-11T06:45:25.284Z","","LEGACY_A","LEGACY_A","","","","","","","","","","","","","Legacy DB A Import","","","","",""
"1290","42","2026-05-10T18:30:00.000Z","2026-05-11T02:41:50.516Z","2026-05-11T07:12:23.665Z","OUT","true","2026-06-02T05:34:32.220Z","2026-05-11T02:41:50.516Z","2026-05-11T07:12:23.665Z","LEGACY_A","LEGACY_A","","","","","","","","","","","","","Legacy DB A Import","","","","",""
"1291","66","2026-05-10T18:30:00.000Z","2026-05-11T02:27:25.109Z","2026-05-11T14:30:10.548Z","OUT","false","2026-06-02T05:34:32.297Z","2026-05-11T02:27:25.109Z","2026-05-11T14:30:10.548Z","LEGACY_A","LEGACY_A","","","","","","","","","","","","","Legacy DB A Import","","","","",""
"1292","48","2026-05-10T18:30:00.000Z","2026-05-11T01:45:51.471Z","2026-05-11T14:30:11.971Z","OUT","true","2026-06-02T05:34:32.376Z","2026-05-11T01:45:51.471Z","2026-05-11T05:29:50.980Z","LEGACY_A","LEGACY_A","","","","","","","","","","","","","Legacy DB A Import","","","","",""
"1293","51","2026-05-10T18:30:00.000Z","2026-05-11T01:34:07.156Z","2026-05-11T14:34:07.489Z","OUT","true","2026-06-02T05:34:32.452Z","2026-05-11T01:34:07.156Z","2026-05-11T02:42:01.013Z","LEGACY_A","LEGACY_A","","","","","","","","","","","","","Legacy DB A Import","","","","",""
"1294","45","2026-05-10T18:30:00.000Z","2026-05-11T05:47:19.358Z","2026-05-11T14:42:39.740Z","OUT","true","2026-06-02T05:34:32.526Z","2026-05-11T05:47:19.358Z","2026-05-11T14:42:39.740Z","LEGACY_A","LEGACY_A","","","","","","","","","","","","","Legacy DB A Import","","","","",""
"1295","51","2026-05-11T18:30:00.000Z","2026-05-12T01:33:52.450Z","2026-05-12T14:35:21.500Z","OUT","true","2026-06-02T05:34:32.606Z","2026-05-12T01:33:52.450Z","2026-05-12T02:33:50.597Z","LEGACY_A","LEGACY_A","","","","","","","","","","","","","Legacy DB A Import","","","","",""
"1296","54","2026-05-11T18:30:00.000Z","2026-05-12T03:03:46.273Z","2026-05-12T11:32:23.270Z","OUT","false","2026-06-02T05:34:32.684Z","2026-05-12T03:03:46.273Z","2026-05-12T11:32:23.270Z","LEGACY_A","LEGACY_A","","","","","","","","","","","","","Legacy DB A Import","","","","",""
"1297","75","2026-05-11T18:30:00.000Z","2026-05-12T03:20:19.117Z","","IN","false","2026-06-02T05:34:32.774Z","2026-05-12T03:20:19.117Z","","LEGACY_A","LEGACY_A","","","","","","","","","","","","","Legacy DB A Import","","","","",""
"1298","43","2026-05-11T18:30:00.000Z","2026-05-12T03:53:24.855Z","","IN","false","2026-06-02T05:34:32.849Z","2026-05-12T03:53:24.855Z","","LEGACY_A","LEGACY_A","","","","","","","","","","","","","Legacy DB A Import","","","","",""
"1299","44","2026-05-11T18:30:00.000Z","2026-05-12T01:45:04.378Z","2026-05-12T10:00:04.386Z","OUT","true","2026-06-02T05:34:32.924Z","2026-05-12T01:45:04.378Z","2026-05-12T10:00:04.386Z","LEGACY_A","LEGACY_A","","","","","","","","","","","","","Legacy DB A Import","","","","",""
"1300","58","2026-05-11T18:30:00.000Z","2026-05-12T01:22:27.695Z","2026-05-12T15:38:33.163Z","IN","false","2026-06-02T05:34:32.999Z","2026-05-12T01:22:27.695Z","2026-05-12T03:33:48.840Z","LEGACY_A","LEGACY_A","","","","","","","","","","","","","Legacy DB A Import","","","","",""
"1301","45","2026-05-11T18:30:00.000Z","2026-05-12T05:11:04.017Z","2026-05-12T14:39:41.658Z","OUT","false","2026-06-02T05:34:33.074Z","2026-05-12T05:11:04.017Z","2026-05-12T14:39:41.658Z","LEGACY_A","LEGACY_A","","","","","","","","","","","","","Legacy DB A Import","","","","",""
"1302","41","2026-05-11T18:30:00.000Z","2026-05-12T01:35:21.298Z","2026-05-12T14:35:13.727Z","OUT","true","2026-06-02T05:34:33.148Z","2026-05-12T01:35:21.298Z","2026-05-12T14:35:13.727Z","LEGACY_A","LEGACY_A","","","","","","","","","","","","","Legacy DB A Import","","","","",""
"1304","47","2026-05-11T18:30:00.000Z","2026-05-12T01:42:14.737Z","2026-05-12T11:32:39.236Z","OUT","true","2026-06-02T05:34:33.303Z","2026-05-12T01:42:14.737Z","2026-05-12T11:32:39.236Z","LEGACY_A","LEGACY_A","","","","","","","","","","","","","Legacy DB A Import","","","","",""
"1305","50","2026-05-11T18:30:00.000Z","2026-05-12T04:34:29.897Z","2026-05-12T12:05:55.107Z","OUT","true","2026-06-02T05:34:33.377Z","2026-05-12T04:34:29.897Z","2026-05-12T12:05:55.107Z","LEGACY_A","LEGACY_A","","","","","","","","","","","","","Legacy DB A Import","","","","",""
"1306","55","2026-05-11T18:30:00.000Z","2026-05-12T04:31:03.765Z","2026-05-12T12:31:01.977Z","OUT","true","2026-06-02T05:34:33.456Z","2026-05-12T04:31:03.765Z","2026-05-12T12:31:01.977Z","LEGACY_A","LEGACY_A","","","","","","","","","","","","","Legacy DB A Import","","","","",""
"1307","66","2026-05-11T18:30:00.000Z","2026-05-12T02:40:07.863Z","2026-05-12T14:30:01.734Z","OUT","true","2026-06-02T05:34:33.530Z","2026-05-12T02:40:07.863Z","2026-05-12T14:30:01.734Z","LEGACY_A","LEGACY_A","","","","","","","","","","","","","Legacy DB A Import","","","","",""
"1308","48","2026-05-11T18:30:00.000Z","2026-05-12T01:49:10.472Z","2026-05-12T14:30:03.687Z","OUT","true","2026-06-02T05:34:33.606Z","2026-05-12T01:49:10.472Z","2026-05-12T05:30:02.516Z","LEGACY_A","LEGACY_A","","","","","","","","","","","","","Legacy DB A Import","","","","",""
"1309","67","2026-05-11T18:30:00.000Z","2026-05-12T02:39:19.580Z","2026-05-12T15:36:51.836Z","OUT","true","2026-06-02T05:34:33.680Z","2026-05-12T02:39:19.580Z","2026-05-12T07:11:17.227Z","LEGACY_A","LEGACY_A","","","","","","","","","","","","","Legacy DB A Import","","","","",""
"1310","74","2026-05-11T18:30:00.000Z","2026-05-12T07:37:12.830Z","2026-05-12T15:35:41.316Z","OUT","true","2026-06-02T05:34:33.755Z","2026-05-12T07:37:12.830Z","2026-05-12T15:35:41.316Z","LEGACY_A","LEGACY_A","","","","","","","","","","","","","Legacy DB A Import","","","","",""
"1312","75","2026-05-15T18:30:00.000Z","2026-05-16T03:15:56.966Z","","IN","false","2026-06-02T05:34:33.923Z","2026-05-16T03:15:56.966Z","","JAYANAGAR","LEGACY_A","","","","","","","","","","","","","Legacy DB A Import","","","","",""
"1313","66","2026-05-12T18:30:00.000Z","2026-05-13T02:35:46.360Z","","IN","true","2026-06-02T05:34:33.998Z","2026-05-13T02:35:46.360Z","","LEGACY_A","LEGACY_A","","","","","","","","","","","","","Legacy DB A Import","","","","",""
"1314","75","2026-05-12T18:30:00.000Z","2026-05-13T03:28:17.711Z","","IN","false","2026-06-02T05:34:34.073Z","2026-05-13T03:28:17.711Z","","LEGACY_A","LEGACY_A","","","","","","","","","","","","","Legacy DB A Import","","","","",""
"1316","45","2026-05-13T18:30:00.000Z","2026-05-14T05:42:41.123Z","","IN","true","2026-06-02T05:34:34.223Z","2026-05-14T05:42:41.123Z","","JAYANAGAR","LEGACY_A","","","","","","","","","","","","","Legacy DB A Import","","","","",""
"1319","47","2026-05-12T18:30:00.000Z","2026-05-13T01:33:59.992Z","2026-05-13T11:32:21.708Z","OUT","true","2026-06-02T05:34:34.448Z","2026-05-13T01:33:59.992Z","2026-05-13T11:32:21.708Z","LEGACY_A","JAYANAGAR","","","","","","","","","","","","","Legacy DB A Import","","","","",""
"1320","55","2026-05-12T18:30:00.000Z","2026-05-13T04:32:08.041Z","2026-05-13T12:30:06.286Z","OUT","true","2026-06-02T05:34:34.522Z","2026-05-13T04:32:08.041Z","2026-05-13T12:30:06.286Z","LEGACY_A","JAYANAGAR","","","","","","","","","","","","","Legacy DB A Import","","","","",""
"1321","49","2026-05-12T18:30:00.000Z","2026-05-13T07:00:00.000Z","2026-05-13T14:27:04.344Z","OUT","false","2026-06-02T05:34:34.596Z","2026-05-13T07:00:00.000Z","2026-05-13T14:27:04.344Z","LEGACY_A","JAYANAGAR","","","","","","","","","","","","","Legacy DB A Import","","","","",""
"1322","48","2026-05-12T18:30:00.000Z","2026-05-13T01:54:27.270Z","2026-05-13T14:30:06.021Z","OUT","true","2026-06-02T05:34:34.672Z","2026-05-13T01:54:27.270Z","2026-05-13T06:19:29.390Z","LEGACY_A","LEGACY_A","","","","","","","","","","","","","Legacy DB A Import","","","","",""
"1323","51","2026-05-12T18:30:00.000Z","2026-05-13T01:38:32.200Z","2026-05-13T14:32:48.151Z","OUT","true","2026-06-02T05:34:34.747Z","2026-05-13T01:38:32.200Z","2026-05-13T02:33:46.415Z","LEGACY_A","LEGACY_A","","","","","","","","","","","","","Legacy DB A Import","","","","",""
"1324","45","2026-05-12T18:30:00.000Z","2026-05-13T05:40:47.683Z","2026-05-13T14:45:01.370Z","OUT","true","2026-06-02T05:34:34.821Z","2026-05-13T05:40:47.683Z","2026-05-13T14:45:01.370Z","LEGACY_A","JAYANAGAR","","","","","","","","","","","","","Legacy DB A Import","","","","",""
"1325","42","2026-05-12T18:30:00.000Z","2026-05-13T02:39:40.414Z","2026-05-13T14:56:01.776Z","OUT","true","2026-06-02T05:34:34.895Z","2026-05-13T02:39:40.414Z","2026-05-13T14:56:01.776Z","LEGACY_A","JAYANAGAR","","","","","","","","","","","","","Legacy DB A Import","","","","",""
"1327","58","2026-05-12T18:30:00.000Z","2026-05-13T00:44:39.235Z","2026-05-13T15:31:31.396Z","OUT","false","2026-06-02T05:34:35.054Z","2026-05-13T00:44:39.235Z","2026-05-13T03:50:30.492Z","LEGACY_A","LEGACY_A","","","","","","","","","","","","","Legacy DB A Import","","","","",""
"1333","72","2026-05-13T18:30:00.000Z","2026-05-14T10:13:21.682Z","2026-05-14T14:30:35.734Z","OUT","false","2026-06-02T05:34:35.506Z","2026-05-14T10:13:21.682Z","2026-05-14T14:30:35.734Z","JAYANAGAR","JAYANAGAR","","","","","","","","","","","","","Legacy DB A Import","","","","",""
"1334","58","2026-05-13T18:30:00.000Z","2026-05-14T01:24:34.053Z","2026-05-14T15:38:48.197Z","OUT","false","2026-06-02T05:34:35.582Z","2026-05-14T01:24:34.053Z","2026-05-14T03:34:20.255Z","JAYANAGAR","JAYANAGAR","","","","","","","","","","","","","Legacy DB A Import","","","","",""
"1335","75","2026-05-14T18:30:00.000Z","2026-05-15T03:28:58.143Z","","IN","false","2026-06-02T05:34:35.658Z","2026-05-15T03:28:58.143Z","","JAYANAGAR","LEGACY_A","","","","","","","","","","","","","Legacy DB A Import","","","","",""
"1336","55","2026-05-14T18:30:00.000Z","2026-05-15T04:35:38.759Z","","IN","true","2026-06-02T05:34:35.732Z","2026-05-15T04:35:38.759Z","","JAYANAGAR","LEGACY_A","","","","","","","","","","","","","Legacy DB A Import","","","","",""
"1338","75","2026-05-13T18:30:00.000Z","2026-05-14T03:34:27.398Z","","IN","true","2026-06-02T05:34:35.881Z","2026-05-14T03:34:27.398Z","","JAYANAGAR","LEGACY_A","","","","","","","","","","","","","Legacy DB A Import","","","","",""
"394","67","2026-05-14T18:30:00.000Z","2026-05-15T03:04:46.315Z","2026-05-15T06:54:13.155Z","OUT","true","2026-05-15T07:29:11.333Z","2026-05-15T03:04:46.315Z","2026-05-15T06:54:13.155Z","JAYANAGAR","JAYANAGAR","2026-05-15T10:15:09.603Z","2026-05-15T14:30:00.914Z","JNR","JNR","","","","","","","","","Legacy DB A Import","","","","",""
"1342","71","2026-05-14T18:30:00.000Z","2026-05-15T01:29:57.940Z","2026-05-15T09:49:19.292Z","OUT","false","2026-06-02T05:34:36.183Z","2026-05-15T01:29:57.940Z","2026-05-15T09:49:19.292Z","JAYANAGAR","JAYANAGAR","","","","","","","","","","","","","Legacy DB A Import","","","","",""
"1303","71","2026-05-11T18:30:00.000Z","2026-05-12T01:32:00.000Z","2026-05-12T08:45:00.000Z","OUT","true","2026-06-02T05:34:33.225Z","2026-05-12T01:32:00.000Z","2026-05-12T08:45:00.000Z","LEGACY_A","LEGACY_A","","","","","","","","","","","","","Legacy DB A Import","","","","",""
"1311","71","2026-05-12T18:30:00.000Z","2026-05-13T01:32:20.783Z","2026-05-13T08:42:16.067Z","OUT","true","2026-06-02T05:34:33.844Z","2026-05-13T01:32:20.783Z","2026-05-13T08:42:16.067Z","LEGACY_A","JAYANAGAR","","","","","","","","","","","","","Legacy DB A Import","","","","",""
"1326","71","2026-05-13T18:30:00.000Z","2026-05-14T01:30:18.013Z","2026-05-14T09:44:37.737Z","OUT","true","2026-06-02T05:34:34.974Z","2026-05-14T01:30:18.013Z","2026-05-14T09:44:37.737Z","JAYANAGAR","JAYANAGAR","","","","","","","","","","","","","Legacy DB A Import","","","","",""
"1343","72","2026-05-14T18:30:00.000Z","2026-05-15T09:24:26.685Z","2026-05-15T14:34:07.595Z","OUT","false","2026-06-02T05:34:36.263Z","2026-05-15T09:24:26.685Z","2026-05-15T14:34:07.595Z","JAYANAGAR","JAYANAGAR","","","","","","","","","","","","","Legacy DB A Import","","","","",""
"1345","40","2026-05-01T18:30:00.000Z","2026-05-02T01:22:21.270Z","2026-05-02T09:07:33.952Z","OUT","false","2026-06-02T05:34:36.422Z","2026-05-02T01:22:21.270Z","2026-05-02T09:07:33.952Z","LEGACY_B","LEGACY_B","","","","","","","","","","","","","Legacy DB B Import","","","","",""
"1346","64","2026-05-01T18:30:00.000Z","2026-05-02T01:16:26.022Z","2026-05-02T09:22:02.005Z","OUT","false","2026-06-02T05:34:36.497Z","2026-05-02T01:16:26.022Z","2026-05-02T09:22:02.005Z","LEGACY_B","LEGACY_B","","","","","","","","","","","","","Legacy DB B Import","","","","",""
"1347","67","2026-05-03T18:30:00.000Z","2026-05-04T02:34:00.000Z","2026-05-04T15:31:06.211Z","OUT","true","2026-06-02T05:34:36.571Z","2026-05-04T02:34:00.000Z","2026-05-04T06:58:00.000Z","LEGACY_B","LEGACY_B","","","","","","","","","","","","","Legacy DB B Import","","","","",""
"1348","65","2026-05-04T18:30:00.000Z","2026-05-05T02:24:14.051Z","2026-05-05T15:31:19.963Z","OUT","false","2026-06-02T05:34:36.646Z","2026-05-05T02:24:14.051Z","2026-05-05T15:31:19.963Z","LEGACY_B","LEGACY_B","","","","","","","","","","","","","Legacy DB B Import","","","","",""
"1349","65","2026-05-01T18:30:00.000Z","2026-05-02T02:35:32.439Z","2026-05-02T15:25:27.961Z","OUT","true","2026-06-02T05:34:36.721Z","2026-05-02T02:35:32.439Z","2026-05-02T15:25:27.961Z","LEGACY_B","LEGACY_B","","","","","","","","","","","","","Legacy DB B Import","","","","",""
"1350","63","2026-05-01T18:30:00.000Z","2026-05-02T11:01:36.382Z","2026-05-02T15:28:18.607Z","OUT","true","2026-06-02T05:34:36.795Z","2026-05-02T11:01:36.382Z","2026-05-02T15:28:18.607Z","LEGACY_B","LEGACY_B","","","","","","","","","","","","","Legacy DB B Import","","","","",""
"1351","40","2026-05-03T18:30:00.000Z","2026-05-04T01:32:48.801Z","2026-05-04T15:51:32.056Z","OUT","true","2026-06-02T05:34:36.870Z","2026-05-04T01:32:48.801Z","2026-05-04T15:51:32.056Z","LEGACY_B","LEGACY_B","","","","","","","","","","","","","Legacy DB B Import","","","","",""
"1352","67","2026-05-01T18:30:00.000Z","2026-05-02T02:43:00.000Z","2026-05-02T07:15:00.000Z","IN","true","2026-06-02T05:34:36.945Z","2026-05-02T02:43:00.000Z","2026-05-02T07:15:00.000Z","LEGACY_B","LEGACY_B","","","","","","","","","","","","","Legacy DB B Import","","","","",""
"1354","50","2026-05-01T18:30:00.000Z","2026-05-02T06:06:39.568Z","2026-05-02T11:45:55.476Z","OUT","true","2026-06-02T05:34:37.094Z","2026-05-02T06:06:39.568Z","2026-05-02T11:45:55.476Z","LEGACY_B","LEGACY_B","","","","","","","","","","","","","Legacy DB B Import","","","","",""
"1355","62","2026-05-03T18:30:00.000Z","2026-05-04T01:49:49.164Z","2026-05-04T10:36:27.148Z","OUT","true","2026-06-02T05:34:37.170Z","2026-05-04T01:49:49.164Z","2026-05-04T10:36:27.148Z","LEGACY_B","LEGACY_B","","","","","","","","","","","","","Legacy DB B Import","","","","",""
"1356","61","2026-05-02T18:30:00.000Z","2026-05-03T04:21:21.517Z","2026-05-03T07:30:43.911Z","OUT","true","2026-06-02T05:34:37.245Z","2026-05-03T04:21:21.517Z","2026-05-03T07:30:43.911Z","LEGACY_B","LEGACY_B","","","","","","","","","","","","","Legacy DB B Import","","","","",""
"1357","57","2026-05-02T18:30:00.000Z","2026-05-03T04:21:13.198Z","2026-05-03T07:31:08.377Z","OUT","true","2026-06-02T05:34:37.320Z","2026-05-03T04:21:13.198Z","2026-05-03T07:31:08.377Z","LEGACY_B","LEGACY_B","","","","","","","","","","","","","Legacy DB B Import","","","","",""
"1358","65","2026-05-02T18:30:00.000Z","2026-05-03T03:13:36.503Z","2026-05-03T07:31:34.050Z","OUT","false","2026-06-02T05:34:37.403Z","2026-05-03T03:13:36.503Z","2026-05-03T07:31:34.050Z","LEGACY_B","LEGACY_B","","","","","","","","","","","","","Legacy DB B Import","","","","",""
"1359","66","2026-05-01T18:30:00.000Z","2026-05-02T01:56:56.891Z","2026-05-02T14:26:54.725Z","OUT","false","2026-06-02T05:34:37.484Z","2026-05-02T01:56:56.891Z","2026-05-02T14:26:54.725Z","LEGACY_B","LEGACY_B","","","","","","","","","","","","","Legacy DB B Import","","","","",""
"1360","56","2026-05-01T18:30:00.000Z","2026-05-02T02:39:00.000Z","2026-05-02T15:30:20.534Z","OUT","true","2026-06-02T05:34:37.563Z","2026-05-02T02:39:00.000Z","2026-05-02T07:00:00.000Z","LEGACY_B","LEGACY_B","","","","","","","","","","","","","Legacy DB B Import","","","","",""
"1361","59","2026-05-01T18:30:00.000Z","2026-05-02T04:47:39.822Z","2026-05-02T15:27:45.363Z","OUT","false","2026-06-02T05:34:37.638Z","2026-05-02T04:47:39.822Z","2026-05-02T15:27:45.363Z","LEGACY_B","LEGACY_B","","","","","","","","","","","","","Legacy DB B Import","","","","",""
"1362","61","2026-05-01T18:30:00.000Z","2026-05-02T10:22:19.975Z","2026-05-02T15:28:45.434Z","OUT","false","2026-06-02T05:34:37.785Z","2026-05-02T10:22:19.975Z","2026-05-02T15:28:45.434Z","LEGACY_B","LEGACY_B","","","","","","","","","","","","","Legacy DB B Import","","","","",""
"1363","65","2026-05-03T18:30:00.000Z","2026-05-04T01:52:02.698Z","2026-05-04T15:28:06.212Z","OUT","false","2026-06-02T05:34:37.859Z","2026-05-04T01:52:02.698Z","2026-05-04T15:28:06.212Z","LEGACY_B","LEGACY_B","","","","","","","","","","","","","Legacy DB B Import","","","","",""
"1364","52","2026-05-01T18:30:00.000Z","2026-05-02T03:30:00.000Z","2026-05-02T12:30:00.000Z","OUT","false","2026-06-02T05:34:37.934Z","2026-05-02T03:30:00.000Z","2026-05-02T12:30:00.000Z","LEGACY_B","LEGACY_B","","","","","","","","","","","","","Legacy DB B Import","","","","",""
"1367","62","2026-05-01T18:30:00.000Z","2026-05-02T01:43:50.470Z","2026-05-02T10:33:03.564Z","OUT","true","2026-06-02T05:34:38.159Z","2026-05-02T01:43:50.470Z","2026-05-02T10:33:03.564Z","LEGACY_B","LEGACY_B","","","","","","","","","","","","","Legacy DB B Import","","","","",""
"1368","56","2026-05-03T18:30:00.000Z","2026-05-04T02:34:51.742Z","2026-05-04T15:31:18.325Z","OUT","true","2026-06-02T05:34:38.238Z","2026-05-04T02:34:51.742Z","2026-05-04T07:14:46.633Z","LEGACY_B","LEGACY_B","","","","","","","","","","","","","Legacy DB B Import","","","","",""
"1369","63","2026-05-02T18:30:00.000Z","2026-05-03T03:34:51.418Z","2026-05-03T07:14:54.065Z","OUT","true","2026-06-02T05:34:38.314Z","2026-05-03T03:34:51.418Z","2026-05-03T07:14:54.065Z","LEGACY_B","LEGACY_B","","","","","","","","","","","","","Legacy DB B Import","","","","",""
"1370","52","2026-05-04T18:30:00.000Z","2026-05-05T01:53:55.708Z","2026-05-05T12:30:00.000Z","IN","false","2026-06-02T05:34:38.387Z","2026-05-05T03:30:00.000Z","2026-05-05T12:30:00.000Z","LEGACY_B","LEGACY_B","","","","","","","","","","","","","Legacy DB B Import","","","","",""
"1371","64","2026-05-03T18:30:00.000Z","2026-05-04T01:27:59.602Z","2026-05-04T14:32:25.768Z","OUT","false","2026-06-02T05:34:38.461Z","2026-05-04T01:27:59.602Z","2026-05-04T07:32:06.974Z","LEGACY_B","LEGACY_B","","","","","","","","","","","","","Legacy DB B Import","","","","",""
"1372","57","2026-05-03T18:30:00.000Z","2026-05-04T01:57:24.580Z","2026-05-04T15:32:25.197Z","OUT","true","2026-06-02T05:34:38.543Z","2026-05-04T01:57:24.580Z","2026-05-04T03:32:58.031Z","LEGACY_B","LEGACY_B","","","","","","","","","","","","","Legacy DB B Import","","","","",""
"1374","59","2026-05-03T18:30:00.000Z","2026-05-04T05:31:42.797Z","2026-05-04T15:32:39.016Z","OUT","true","2026-06-02T05:34:38.699Z","2026-05-04T05:31:42.797Z","2026-05-04T15:32:39.016Z","LEGACY_B","LEGACY_B","","","","","","","","","","","","","Legacy DB B Import","","","","",""
"1375","61","2026-05-03T18:30:00.000Z","2026-05-04T10:22:14.135Z","2026-05-04T15:33:10.012Z","OUT","false","2026-06-02T05:34:38.774Z","2026-05-04T10:22:14.135Z","2026-05-04T15:33:10.012Z","LEGACY_B","LEGACY_B","","","","","","","","","","","","","Legacy DB B Import","","","","",""
"1376","50","2026-05-04T18:30:00.000Z","2026-05-05T04:32:41.164Z","2026-05-05T12:13:14.051Z","OUT","true","2026-06-02T05:34:38.850Z","2026-05-05T04:32:41.164Z","2026-05-05T12:13:14.051Z","LEGACY_B","LEGACY_B","","","","","","","","","","","","","Legacy DB B Import","","","","",""
"1377","62","2026-05-04T18:30:00.000Z","2026-05-05T01:41:45.297Z","2026-05-05T10:34:14.116Z","OUT","true","2026-06-02T05:34:38.925Z","2026-05-05T01:41:45.297Z","2026-05-05T10:34:14.116Z","LEGACY_B","LEGACY_B","","","","","","","","","","","","","Legacy DB B Import","","","","",""
"1378","59","2026-05-04T18:30:00.000Z","2026-05-05T05:30:51.897Z","2026-05-05T15:30:22.010Z","OUT","true","2026-06-02T05:34:39.000Z","2026-05-05T05:30:51.897Z","2026-05-05T15:30:22.010Z","LEGACY_B","LEGACY_B","","","","","","","","","","","","","Legacy DB B Import","","","","",""
"1379","57","2026-05-04T18:30:00.000Z","2026-05-05T01:45:07.379Z","2026-05-05T15:30:35.461Z","OUT","true","2026-06-02T05:34:39.075Z","2026-05-05T01:45:07.379Z","2026-05-05T04:01:01.623Z","LEGACY_B","LEGACY_B","","","","","","","","","","","","","Legacy DB B Import","","","","",""
"1380","50","2026-05-03T18:30:00.000Z","2026-05-04T04:29:25.005Z","2026-05-04T12:21:00.000Z","IN","false","2026-06-02T05:34:39.168Z","2026-05-04T04:29:25.005Z","2026-05-04T12:21:00.000Z","LEGACY_B","LEGACY_B","","","","","","","","","","","","","Legacy DB B Import","","","","",""
"1381","60","2026-05-05T18:30:00.000Z","2026-05-06T10:05:17.418Z","2026-05-06T15:34:14.356Z","OUT","true","2026-06-02T05:34:39.244Z","2026-05-06T10:05:17.418Z","2026-05-06T15:34:14.356Z","LEGACY_B","LEGACY_B","","","","","","","","","","","","","Legacy DB B Import","","","","",""
"1382","64","2026-05-04T18:30:00.000Z","2026-05-05T01:03:07.842Z","2026-05-05T14:27:06.471Z","OUT","false","2026-06-02T05:34:39.319Z","2026-05-05T01:03:07.842Z","2026-05-05T07:28:44.096Z","LEGACY_B","LEGACY_B","","","","","","","","","","","","","Legacy DB B Import","","","","",""
"1383","49","2026-05-04T18:30:00.000Z","2026-05-05T07:06:51.454Z","2026-05-05T14:27:15.319Z","OUT","true","2026-06-02T05:34:39.393Z","2026-05-05T07:06:51.454Z","2026-05-05T14:27:15.319Z","LEGACY_B","LEGACY_B","","","","","","","","","","","","","Legacy DB B Import","","","","",""
"1384","42","2026-05-04T18:30:00.000Z","2026-05-05T06:58:21.916Z","2026-05-05T14:39:48.482Z","OUT","true","2026-06-02T05:34:39.467Z","2026-05-05T06:59:22.684Z","2026-05-05T06:58:51.554Z","LEGACY_B","LEGACY_B","","","","","","","","","","","","","Legacy DB B Import","","","","",""
"1386","40","2026-05-04T18:30:00.000Z","2026-05-05T10:01:48.347Z","2026-05-05T15:28:38.407Z","OUT","true","2026-06-02T05:34:39.616Z","2026-05-05T10:01:48.347Z","2026-05-05T15:28:38.407Z","LEGACY_B","LEGACY_B","","","","","","","","","","","","","Legacy DB B Import","","","","",""
"1387","60","2026-05-04T18:30:00.000Z","2026-05-05T10:07:28.087Z","2026-05-05T15:31:26.044Z","OUT","true","2026-06-02T05:34:39.693Z","2026-05-05T10:07:28.087Z","2026-05-05T15:31:26.044Z","LEGACY_B","LEGACY_B","","","","","","","","","","","","","Legacy DB B Import","","","","",""
"1388","57","2026-05-06T18:30:00.000Z","2026-05-07T01:42:31.760Z","2026-05-07T15:28:46.488Z","OUT","true","2026-06-02T05:34:39.772Z","2026-05-07T01:42:31.760Z","2026-05-07T03:58:44.854Z","LEGACY_B","LEGACY_B","","","","","","","","","","","","","Legacy DB B Import","","","","",""
"1389","56","2026-05-04T18:30:00.000Z","2026-05-05T05:35:00.000Z","2026-05-05T15:32:15.802Z","OUT","true","2026-06-02T05:34:39.848Z","2026-05-05T05:35:00.000Z","2026-05-05T15:32:00.000Z","LEGACY_B","LEGACY_B","","","","","","","","","","","","","Legacy DB B Import","","","","",""
"1390","56","2026-05-06T18:30:00.000Z","2026-05-07T02:47:15.279Z","2026-05-07T15:30:15.127Z","OUT","true","2026-06-02T05:34:39.922Z","2026-05-07T06:45:46.890Z","2026-05-07T06:45:36.212Z","LEGACY_B","LEGACY_B","","","","","","","","","","","","","Legacy DB B Import","","","","",""
"1392","41","2026-05-03T18:30:00.000Z","2026-05-04T01:30:00.000Z","2026-05-04T14:30:00.000Z","OUT","false","2026-06-02T05:34:40.072Z","2026-05-04T01:30:00.000Z","2026-05-04T02:30:00.000Z","LEGACY_B","LEGACY_B","","","","","","","","","","","","","Legacy DB B Import","","","","",""
"1216","41","2026-05-04T18:30:00.000Z","2026-05-05T01:30:00.000Z","2026-05-05T14:30:00.000Z","OUT","false","2026-06-02T05:34:26.563Z","2026-05-05T01:30:00.000Z","2026-05-05T02:30:00.000Z","LEGACY_B","LEGACY_B","","","","","","","","","","","","","Legacy DB B Import","","","","",""
"1394","63","2026-05-05T18:30:00.000Z","2026-05-06T01:23:24.088Z","2026-05-06T05:59:36.574Z","OUT","false","2026-06-02T05:34:40.221Z","2026-05-06T01:23:24.088Z","2026-05-06T05:59:36.574Z","LEGACY_B","LEGACY_B","","","","","","","","","","","","","Legacy DB B Import","","","","",""
"1395","63","2026-05-06T18:30:00.000Z","2026-05-07T01:23:50.513Z","2026-05-07T04:25:44.836Z","OUT","false","2026-06-02T05:34:40.296Z","2026-05-07T01:23:50.513Z","2026-05-07T04:25:44.836Z","LEGACY_B","LEGACY_B","","","","","","","","","","","","","Legacy DB B Import","","","","",""
"1397","62","2026-05-05T18:30:00.000Z","2026-05-06T01:33:17.390Z","2026-05-06T10:31:45.039Z","OUT","true","2026-06-02T05:34:40.446Z","2026-05-06T01:33:17.390Z","2026-05-06T10:31:45.039Z","LEGACY_B","LEGACY_B","","","","","","","","","","","","","Legacy DB B Import","","","","",""
"1398","50","2026-05-05T18:30:00.000Z","2026-05-06T04:07:16.663Z","2026-05-06T12:22:48.901Z","OUT","false","2026-06-02T05:34:40.524Z","2026-05-06T04:07:16.663Z","2026-05-06T12:22:48.901Z","LEGACY_B","LEGACY_B","","","","","","","","","","","","","Legacy DB B Import","","","","",""
"1399","52","2026-05-05T18:30:00.000Z","2026-05-06T03:29:44.806Z","2026-05-06T12:32:07.583Z","OUT","false","2026-06-02T05:34:40.599Z","2026-05-06T03:29:44.806Z","2026-05-06T12:32:07.583Z","LEGACY_B","LEGACY_B","","","","","","","","","","","","","Legacy DB B Import","","","","",""
"1400","41","2026-05-05T18:30:00.000Z","2026-05-06T01:30:00.000Z","2026-05-06T15:25:44.629Z","OUT","false","2026-06-02T05:34:40.674Z","2026-05-06T01:30:00.000Z","2026-05-06T02:30:00.000Z","LEGACY_B","LEGACY_B","","","","","","","","","","","","","Legacy DB B Import","","","","",""
"1401","67","2026-05-05T18:30:00.000Z","2026-05-06T02:46:38.872Z","2026-05-06T15:29:07.054Z","OUT","true","2026-06-02T05:34:40.749Z","2026-05-06T02:46:38.872Z","2026-05-06T06:33:17.194Z","LEGACY_B","LEGACY_B","","","","","","","","","","","","","Legacy DB B Import","","","","",""
"1402","57","2026-05-05T18:30:00.000Z","2026-05-06T01:41:36.313Z","2026-05-06T15:29:19.632Z","OUT","true","2026-06-02T05:34:40.823Z","2026-05-06T01:41:36.313Z","2026-05-06T05:33:38.195Z","LEGACY_B","LEGACY_B","","","","","","","","","","","","","Legacy DB B Import","","","","",""
"1403","56","2026-05-05T18:30:00.000Z","2026-05-06T02:47:13.801Z","2026-05-06T15:30:04.224Z","OUT","true","2026-06-02T05:34:40.903Z","2026-05-06T02:47:13.801Z","2026-05-06T07:03:01.344Z","LEGACY_B","LEGACY_B","","","","","","","","","","","","","Legacy DB B Import","","","","",""
"1366","59","2026-05-02T18:30:00.000Z","2026-05-03T03:44:04.580Z","2026-05-03T07:30:45.676Z","OUT","true","2026-06-02T05:34:38.084Z","2026-05-03T03:44:04.580Z","2026-05-03T07:30:45.676Z","LEGACY_B","LEGACY_B","","","","","","","","","","","","","Legacy DB B Import","","","","",""
"1373","57","2026-05-01T18:30:00.000Z","2026-05-02T01:53:37.333Z","2026-05-02T14:32:24.203Z","OUT","true","2026-06-02T05:34:38.624Z","2026-05-02T01:53:37.333Z","2026-05-02T14:32:24.203Z","LEGACY_B","LEGACY_B","","","","","","","","","","","","","Legacy DB B Import","","","","",""
"1385","63","2026-05-04T18:30:00.000Z","2026-05-05T10:59:04.060Z","2026-05-05T15:26:46.529Z","OUT","true","2026-06-02T05:34:39.541Z","2026-05-05T10:59:04.060Z","2026-05-05T15:26:46.529Z","LEGACY_B","LEGACY_B","","","","","","","","","","","","","Legacy DB B Import","","","","",""
"1396","63","2026-05-07T18:30:00.000Z","2026-05-08T01:42:06.799Z","","IN","true","2026-06-02T05:34:40.371Z","2026-05-08T01:42:06.799Z","","LEGACY_B","LEGACY_B","","","","","","","","","","","","","Legacy DB B Import","","","","",""
"1404","59","2026-05-05T18:30:00.000Z","2026-05-06T05:33:02.905Z","2026-05-06T15:30:18.589Z","OUT","true","2026-06-02T05:34:40.978Z","2026-05-06T05:33:02.905Z","2026-05-06T15:30:18.589Z","LEGACY_B","LEGACY_B","","","","","","","","","","","","","Legacy DB B Import","","","","",""
"1405","40","2026-05-05T18:30:00.000Z","2026-05-06T01:25:42.790Z","2026-05-06T15:30:47.359Z","OUT","false","2026-06-02T05:34:41.054Z","2026-05-06T01:25:42.790Z","2026-05-06T03:31:00.289Z","LEGACY_B","LEGACY_B","","","","","","","","","","","","","Legacy DB B Import","","","","",""
"1406","61","2026-05-05T18:30:00.000Z","2026-05-06T10:22:58.336Z","2026-05-06T15:32:23.909Z","OUT","false","2026-06-02T05:34:41.129Z","2026-05-06T10:22:58.336Z","2026-05-06T15:32:23.909Z","LEGACY_B","LEGACY_B","","","","","","","","","","","","","Legacy DB B Import","","","","",""
"1407","65","2026-05-05T18:30:00.000Z","2026-05-06T00:56:22.075Z","2026-05-06T15:33:54.162Z","OUT","false","2026-06-02T05:34:41.206Z","2026-05-06T00:56:22.075Z","2026-05-06T15:33:54.162Z","LEGACY_B","LEGACY_B","","","","","","","","","","","","","Legacy DB B Import","","","","",""
"1408","49","2026-05-07T18:30:00.000Z","2026-05-08T06:58:01.161Z","2026-05-08T14:25:32.964Z","OUT","false","2026-06-02T05:34:41.280Z","2026-05-08T06:58:01.161Z","2026-05-08T14:25:32.964Z","LEGACY_B","LEGACY_B","","","","","","","","","","","","","Legacy DB B Import","","","","",""
"1409","64","2026-05-07T18:30:00.000Z","2026-05-08T01:17:05.813Z","2026-05-08T14:30:52.696Z","OUT","false","2026-06-02T05:34:41.354Z","2026-05-08T01:17:05.813Z","2026-05-08T09:24:17.984Z","LEGACY_B","LEGACY_B","","","","","","","","","","","","","Legacy DB B Import","","","","",""
"1410","41","2026-05-07T18:30:00.000Z","2026-05-08T01:32:24.390Z","2026-05-08T14:32:18.157Z","OUT","true","2026-06-02T05:34:41.429Z","2026-05-08T01:32:24.390Z","2026-05-08T14:32:18.157Z","LEGACY_B","LEGACY_B","","","","","","","","","","","","","Legacy DB B Import","","","","",""
"1411","40","2026-05-06T18:30:00.000Z","2026-05-07T01:18:54.906Z","2026-05-07T09:04:37.561Z","OUT","true","2026-06-02T05:34:41.504Z","2026-05-07T03:32:27.702Z","2026-05-07T09:04:37.561Z","LEGACY_B","LEGACY_B","","","","","","","","","","","","","Legacy DB B Import","","","","",""
"1412","59","2026-05-07T18:30:00.000Z","2026-05-08T05:16:24.151Z","2026-05-08T15:30:05.887Z","OUT","false","2026-06-02T05:34:41.579Z","2026-05-08T05:16:24.151Z","2026-05-08T15:30:05.887Z","LEGACY_B","LEGACY_B","","","","","","","","","","","","","Legacy DB B Import","","","","",""
"1413","62","2026-05-06T18:30:00.000Z","2026-05-07T01:41:34.352Z","2026-05-07T10:30:26.643Z","OUT","true","2026-06-02T05:34:41.655Z","2026-05-07T01:41:34.352Z","2026-05-07T10:30:26.643Z","LEGACY_B","LEGACY_B","","","","","","","","","","","","","Legacy DB B Import","","","","",""
"1414","56","2026-05-07T18:30:00.000Z","2026-05-08T05:23:13.046Z","2026-05-08T15:30:10.919Z","OUT","false","2026-06-02T05:34:41.731Z","2026-05-08T05:23:13.046Z","2026-05-08T15:30:10.919Z","LEGACY_B","LEGACY_B","","","","","","","","","","","","","Legacy DB B Import","","","","",""
"1415","52","2026-05-06T18:30:00.000Z","2026-05-07T03:41:23.526Z","2026-05-07T13:22:05.957Z","OUT","true","2026-06-02T05:34:41.806Z","2026-05-07T03:41:23.526Z","2026-05-07T13:22:05.957Z","LEGACY_B","LEGACY_B","","","","","","","","","","","","","Legacy DB B Import","","","","",""
"1417","64","2026-05-06T18:30:00.000Z","2026-05-07T01:07:30.976Z","2026-05-07T14:30:03.898Z","OUT","false","2026-06-02T05:34:41.956Z","2026-05-07T01:07:30.976Z","2026-05-07T07:39:08.139Z","LEGACY_B","LEGACY_B","","","","","","","","","","","","","Legacy DB B Import","","","","",""
"1418","67","2026-05-06T18:30:00.000Z","2026-05-07T02:47:18.960Z","2026-05-07T15:22:45.636Z","OUT","true","2026-06-02T05:34:42.033Z","2026-05-07T02:47:18.960Z","2026-05-07T06:33:31.176Z","LEGACY_B","LEGACY_B","","","","","","","","","","","","","Legacy DB B Import","","","","",""
"1419","65","2026-05-06T18:30:00.000Z","2026-05-07T00:28:00.315Z","2026-05-07T15:24:43.861Z","OUT","false","2026-06-02T05:34:42.112Z","2026-05-07T00:28:00.315Z","2026-05-07T08:31:54.542Z","LEGACY_B","LEGACY_B","","","","","","","","","","","","","Legacy DB B Import","","","","",""
"1420","61","2026-05-06T18:30:00.000Z","2026-05-07T11:40:41.907Z","2026-05-07T15:25:57.719Z","OUT","true","2026-06-02T05:34:42.187Z","2026-05-07T11:40:41.907Z","2026-05-07T15:25:57.719Z","LEGACY_B","LEGACY_B","","","","","","","","","","","","","Legacy DB B Import","","","","",""
"1421","59","2026-05-06T18:30:00.000Z","2026-05-07T05:31:05.720Z","2026-05-07T15:27:08.541Z","OUT","true","2026-06-02T05:34:42.262Z","2026-05-07T05:31:05.720Z","2026-05-07T15:27:08.541Z","LEGACY_B","LEGACY_B","","","","","","","","","","","","","Legacy DB B Import","","","","",""
"1422","50","2026-05-07T18:30:00.000Z","2026-05-08T04:19:27.313Z","2026-05-08T08:20:10.101Z","OUT","false","2026-06-02T05:34:42.337Z","2026-05-08T04:19:27.313Z","2026-05-08T08:20:10.101Z","LEGACY_B","LEGACY_B","","","","","","","","","","","","","Legacy DB B Import","","","","",""
"1423","57","2026-05-07T18:30:00.000Z","2026-05-08T01:37:10.027Z","2026-05-08T15:31:03.806Z","OUT","true","2026-06-02T05:34:42.412Z","2026-05-08T01:37:10.027Z","2026-05-08T04:06:03.729Z","LEGACY_B","LEGACY_B","","","","","","","","","","","","","Legacy DB B Import","","","","",""
"1424","65","2026-05-07T18:30:00.000Z","2026-05-08T03:21:46.171Z","2026-05-08T15:31:55.398Z","OUT","true","2026-06-02T05:34:42.487Z","2026-05-08T03:21:46.171Z","2026-05-08T15:31:55.398Z","LEGACY_B","LEGACY_B","","","","","","","","","","","","","Legacy DB B Import","","","","",""
"1425","62","2026-05-07T18:30:00.000Z","2026-05-08T01:46:33.970Z","2026-05-08T10:34:21.657Z","OUT","true","2026-06-02T05:34:42.562Z","2026-05-08T01:46:33.970Z","2026-05-08T10:34:21.657Z","LEGACY_B","LEGACY_B","","","","","","","","","","","","","Legacy DB B Import","","","","",""
"1426","52","2026-05-07T18:30:00.000Z","2026-05-08T03:28:55.277Z","2026-05-08T12:33:34.028Z","OUT","false","2026-06-02T05:34:42.638Z","2026-05-08T03:28:55.277Z","2026-05-08T12:33:34.028Z","LEGACY_B","LEGACY_B","","","","","","","","","","","","","Legacy DB B Import","","","","",""
"1427","40","2026-05-07T18:30:00.000Z","2026-05-08T01:25:42.711Z","2026-05-08T15:32:47.975Z","OUT","false","2026-06-02T05:34:42.713Z","2026-05-08T01:25:42.711Z","2026-05-08T02:36:11.541Z","LEGACY_B","LEGACY_B","","","","","","","","","","","","","Legacy DB B Import","","","","",""
"1428","61","2026-05-07T18:30:00.000Z","2026-05-08T10:31:00.994Z","2026-05-08T15:33:09.313Z","OUT","true","2026-06-02T05:34:42.788Z","2026-05-08T10:31:00.994Z","2026-05-08T15:33:09.313Z","LEGACY_B","LEGACY_B","","","","","","","","","","","","","Legacy DB B Import","","","","",""
"1429","60","2026-05-07T18:30:00.000Z","2026-05-08T10:04:49.763Z","2026-05-08T15:37:49.826Z","OUT","true","2026-06-02T05:34:42.863Z","2026-05-08T10:04:49.763Z","2026-05-08T15:37:49.826Z","LEGACY_B","LEGACY_B","","","","","","","","","","","","","Legacy DB B Import","","","","",""
"1430","42","2026-05-07T18:30:00.000Z","2026-05-08T02:38:42.301Z","2026-05-08T15:38:31.258Z","OUT","true","2026-06-02T05:34:42.937Z","2026-05-08T02:38:42.301Z","2026-05-08T15:38:31.258Z","LEGACY_B","LEGACY_B","","","","","","","","","","","","","Legacy DB B Import","","","","",""
"1431","67","2026-05-08T18:30:00.000Z","2026-05-09T02:44:05.269Z","2026-05-09T15:27:48.608Z","OUT","true","2026-06-02T05:34:43.012Z","2026-05-09T02:44:05.269Z","2026-05-09T07:05:21.368Z","LEGACY_B","LEGACY_B","","","","","","","","","","","","","Legacy DB B Import","","","","",""
"1432","40","2026-05-08T18:30:00.000Z","2026-05-09T01:36:25.678Z","2026-05-09T09:10:15.827Z","OUT","true","2026-06-02T05:34:43.087Z","2026-05-09T01:36:25.678Z","2026-05-09T09:10:15.827Z","LEGACY_B","LEGACY_B","","","","","","","","","","","","","Legacy DB B Import","","","","",""
"1434","57","2026-05-08T18:30:00.000Z","2026-05-09T01:42:22.354Z","2026-05-09T15:30:08.749Z","OUT","true","2026-06-02T05:34:43.242Z","2026-05-09T01:42:22.354Z","2026-05-09T04:01:12.562Z","LEGACY_B","LEGACY_B","","","","","","","","","","","","","Legacy DB B Import","","","","",""
"1435","65","2026-05-08T18:30:00.000Z","2026-05-09T00:39:51.860Z","2026-05-09T12:32:17.350Z","OUT","false","2026-06-02T05:34:43.322Z","2026-05-09T00:39:51.860Z","2026-05-09T12:32:17.350Z","LEGACY_B","LEGACY_B","","","","","","","","","","","","","Legacy DB B Import","","","","",""
"1436","61","2026-05-08T18:30:00.000Z","2026-05-09T09:57:14.731Z","2026-05-09T15:30:11.858Z","OUT","false","2026-06-02T05:34:43.397Z","2026-05-09T09:57:14.731Z","2026-05-09T15:30:11.858Z","LEGACY_B","LEGACY_B","","","","","","","","","","","","","Legacy DB B Import","","","","",""
"1437","56","2026-05-08T18:30:00.000Z","2026-05-09T02:49:21.344Z","2026-05-09T15:30:06.201Z","OUT","true","2026-06-02T05:34:43.473Z","2026-05-09T02:49:21.344Z","2026-05-09T07:07:52.071Z","LEGACY_B","LEGACY_B","","","","","","","","","","","","","Legacy DB B Import","","","","",""
"1438","62","2026-05-08T18:30:00.000Z","2026-05-09T01:37:58.452Z","2026-05-09T10:39:04.669Z","OUT","true","2026-06-02T05:34:43.558Z","2026-05-09T01:37:58.452Z","2026-05-09T10:39:04.669Z","LEGACY_B","LEGACY_B","","","","","","","","","","","","","Legacy DB B Import","","","","",""
"1439","52","2026-05-08T18:30:00.000Z","2026-05-09T03:23:06.638Z","2026-05-09T10:53:04.158Z","OUT","false","2026-06-02T05:34:43.633Z","2026-05-09T03:23:06.638Z","2026-05-09T10:53:04.158Z","LEGACY_B","LEGACY_B","","","","","","","","","","","","","Legacy DB B Import","","","","",""
"1440","66","2026-05-08T18:30:00.000Z","2026-05-09T02:20:30.091Z","2026-05-09T14:30:01.695Z","OUT","false","2026-06-02T05:34:43.708Z","2026-05-09T02:20:30.091Z","2026-05-09T14:30:01.695Z","LEGACY_B","LEGACY_B","","","","","","","","","","","","","Legacy DB B Import","","","","",""
"1441","59","2026-05-08T18:30:00.000Z","2026-05-09T05:39:39.361Z","2026-05-09T15:30:37.636Z","OUT","true","2026-06-02T05:34:43.793Z","2026-05-09T05:39:39.361Z","2026-05-09T15:30:37.636Z","LEGACY_B","LEGACY_B","","","","","","","","","","","","","Legacy DB B Import","","","","",""
"1442","64","2026-05-08T18:30:00.000Z","2026-05-09T01:07:19.906Z","2026-05-09T15:30:52.744Z","OUT","false","2026-06-02T05:34:43.867Z","2026-05-09T01:07:19.906Z","2026-05-09T09:30:37.808Z","LEGACY_B","LEGACY_B","","","","","","","","","","","","","Legacy DB B Import","","","","",""
"1443","65","2026-05-09T18:30:00.000Z","2026-05-10T02:44:43.535Z","2026-05-10T07:31:33.674Z","OUT","false","2026-06-02T05:34:43.942Z","2026-05-10T02:44:43.535Z","2026-05-10T07:31:33.674Z","LEGACY_B","LEGACY_B","","","","","","","","","","","","","Legacy DB B Import","","","","",""
"1445","57","2026-05-09T18:30:00.000Z","2026-05-10T04:25:03.328Z","2026-05-10T07:32:08.594Z","OUT","true","2026-06-02T05:34:44.091Z","2026-05-10T04:25:03.328Z","2026-05-10T07:32:08.594Z","LEGACY_B","LEGACY_B","","","","","","","","","","","","","Legacy DB B Import","","","","",""
"1446","61","2026-05-09T18:30:00.000Z","2026-05-10T03:42:37.759Z","2026-05-10T07:31:40.835Z","OUT","true","2026-06-02T05:34:44.166Z","2026-05-10T03:42:37.759Z","2026-05-10T07:31:40.835Z","LEGACY_B","LEGACY_B","","","","","","","","","","","","","Legacy DB B Import","","","","",""
"1447","63","2026-05-10T18:30:00.000Z","2026-05-11T01:20:59.880Z","2026-05-11T06:35:03.726Z","OUT","false","2026-06-02T05:34:44.241Z","2026-05-11T01:20:59.880Z","2026-05-11T06:35:03.726Z","LEGACY_B","LEGACY_B","","","","","","","","","","","","","Legacy DB B Import","","","","",""
"1448","41","2026-05-10T18:30:00.000Z","2026-05-11T01:11:42.664Z","2026-05-11T14:52:28.320Z","OUT","false","2026-06-02T05:34:44.315Z","2026-05-11T01:11:42.664Z","2026-05-11T14:52:28.320Z","LEGACY_B","LEGACY_B","","","","","","","","","","","","","Legacy DB B Import","","","","",""
"1449","65","2026-05-10T18:30:00.000Z","2026-05-11T01:11:07.213Z","2026-05-11T15:34:48.268Z","OUT","false","2026-06-02T05:34:44.393Z","2026-05-11T01:11:07.213Z","2026-05-11T15:34:48.268Z","LEGACY_B","LEGACY_B","","","","","","","","","","","","","Legacy DB B Import","","","","",""
"1450","61","2026-05-11T18:30:00.000Z","2026-05-12T10:11:08.042Z","2026-05-12T15:43:05.181Z","OUT","false","2026-06-02T05:34:44.472Z","2026-05-12T10:11:08.042Z","2026-05-12T15:43:05.181Z","LEGACY_B","LEGACY_B","","","","","","","","","","","","","Legacy DB B Import","","","","",""
"1451","62","2026-05-10T18:30:00.000Z","2026-05-11T01:44:19.893Z","2026-05-11T10:34:33.007Z","OUT","true","2026-06-02T05:34:44.547Z","2026-05-11T01:44:19.893Z","2026-05-11T10:34:33.007Z","LEGACY_B","LEGACY_B","","","","","","","","","","","","","Legacy DB B Import","","","","",""
"1452","50","2026-05-10T18:30:00.000Z","2026-05-11T08:19:13.465Z","2026-05-11T12:32:05.618Z","OUT","true","2026-06-02T05:34:44.622Z","2026-05-11T08:19:13.465Z","2026-05-11T12:32:05.618Z","LEGACY_B","LEGACY_B","","","","","","","","","","","","","Legacy DB B Import","","","","",""
"1453","52","2026-05-10T18:30:00.000Z","2026-05-11T03:29:36.533Z","2026-05-11T12:52:20.018Z","OUT","false","2026-06-02T05:34:44.697Z","2026-05-11T03:29:36.533Z","2026-05-11T12:52:20.018Z","LEGACY_B","LEGACY_B","","","","","","","","","","","","","Legacy DB B Import","","","","",""
"1454","64","2026-05-10T18:30:00.000Z","2026-05-11T01:10:09.971Z","2026-05-11T14:36:44.682Z","OUT","false","2026-06-02T05:34:44.776Z","2026-05-11T01:10:09.971Z","2026-05-11T07:27:11.453Z","LEGACY_B","LEGACY_B","","","","","","","","","","","","","Legacy DB B Import","","","","",""
"1455","57","2026-05-10T18:30:00.000Z","2026-05-11T15:28:10.199Z","2026-05-11T15:28:16.887Z","OUT","true","2026-06-02T05:34:44.855Z","2026-05-11T15:28:10.199Z","2026-05-11T15:28:16.887Z","LEGACY_B","LEGACY_B","","","","","","","","","","","","","Legacy DB B Import","","","","",""
"1456","40","2026-05-10T18:30:00.000Z","2026-05-11T01:32:35.790Z","2026-05-11T15:32:25.325Z","OUT","true","2026-06-02T05:34:44.930Z","2026-05-11T01:32:35.790Z","2026-05-11T03:26:35.817Z","LEGACY_B","LEGACY_B","","","","","","","","","","","","","Legacy DB B Import","","","","",""
"1457","67","2026-05-10T18:30:00.000Z","2026-05-11T02:44:47.059Z","2026-05-11T15:32:28.165Z","OUT","true","2026-06-02T05:34:45.005Z","2026-05-11T02:44:47.059Z","2026-05-11T15:32:28.165Z","LEGACY_B","LEGACY_B","","","","","","","","","","","","","Legacy DB B Import","","","","",""
"1458","60","2026-05-10T18:30:00.000Z","2026-05-11T06:13:30.823Z","2026-05-11T15:32:46.358Z","OUT","true","2026-06-02T05:34:45.080Z","2026-05-11T10:05:58.825Z","2026-05-11T15:32:46.358Z","LEGACY_B","LEGACY_B","","","","","","","","","","","","","Legacy DB B Import","","","","",""
"1459","59","2026-05-10T18:30:00.000Z","2026-05-11T04:58:01.747Z","2026-05-11T15:33:13.775Z","OUT","false","2026-06-02T05:34:45.164Z","2026-05-11T04:58:01.747Z","2026-05-11T15:33:13.775Z","LEGACY_B","LEGACY_B","","","","","","","","","","","","","Legacy DB B Import","","","","",""
"1460","61","2026-05-10T18:30:00.000Z","2026-05-11T10:18:11.102Z","2026-05-11T15:34:36.178Z","OUT","false","2026-06-02T05:34:45.239Z","2026-05-11T10:18:11.102Z","2026-05-11T15:34:36.178Z","LEGACY_B","LEGACY_B","","","","","","","","","","","","","Legacy DB B Import","","","","",""
"1461","56","2026-05-10T18:30:00.000Z","2026-05-11T02:36:44.530Z","2026-05-11T15:35:33.917Z","OUT","true","2026-06-02T05:34:45.314Z","2026-05-11T02:36:44.530Z","2026-05-11T07:18:58.282Z","LEGACY_B","LEGACY_B","","","","","","","","","","","","","Legacy DB B Import","","","","",""
"1462","63","2026-05-12T18:30:00.000Z","2026-05-13T01:22:58.331Z","2026-05-13T06:09:24.398Z","OUT","false","2026-06-02T05:34:45.390Z","2026-05-13T01:22:58.331Z","2026-05-13T06:09:24.398Z","LEGACY_B","LEGACY_B","","","","","","","","","","","","","Legacy DB B Import","","","","",""
"1444","59","2026-05-09T18:30:00.000Z","2026-05-10T03:30:59.541Z","2026-05-10T07:31:36.095Z","OUT","true","2026-06-02T05:34:44.017Z","2026-05-10T03:30:59.541Z","2026-05-10T07:31:36.095Z","LEGACY_B","LEGACY_B","","","","","","","","","","","","","Legacy DB B Import","","","","",""
"1463","61","2026-05-13T18:30:00.000Z","2026-05-14T11:25:39.099Z","2026-05-14T15:30:48.465Z","OUT","true","2026-06-02T05:34:45.465Z","2026-05-14T11:25:39.099Z","2026-05-14T15:30:48.465Z","HANUMANTHNAGAR","HANUMANTHNAGAR","","","","","","","","","","","","","Legacy DB B Import","","","","",""
"1464","63","2026-05-11T18:30:00.000Z","2026-05-12T01:28:15.759Z","2026-05-12T04:28:41.565Z","OUT","false","2026-06-02T05:34:45.539Z","2026-05-12T01:28:15.759Z","2026-05-12T04:28:41.565Z","LEGACY_B","LEGACY_B","","","","","","","","","","","","","Legacy DB B Import","","","","",""
"1465","64","2026-05-13T18:30:00.000Z","2026-05-14T01:07:10.868Z","2026-05-14T14:31:06.732Z","OUT","false","2026-06-02T05:34:45.623Z","2026-05-14T01:07:10.868Z","2026-05-14T07:30:55.704Z","HANUMANTHNAGAR","HANUMANTHNAGAR","","","","","","","","","","","","","Legacy DB B Import","","","","",""
"1466","62","2026-05-11T18:30:00.000Z","2026-05-12T10:31:17.102Z","2026-05-12T10:31:26.728Z","OUT","true","2026-06-02T05:34:45.700Z","2026-05-12T10:31:17.102Z","2026-05-12T10:31:26.728Z","LEGACY_B","LEGACY_B","","","","","","","","","","","","","Legacy DB B Import","","","","",""
"1467","52","2026-05-11T18:30:00.000Z","2026-05-12T03:57:27.309Z","2026-05-12T12:13:14.780Z","OUT","true","2026-06-02T05:34:45.775Z","2026-05-12T03:57:27.309Z","2026-05-12T12:13:14.780Z","LEGACY_B","LEGACY_B","","","","","","","","","","","","","Legacy DB B Import","","","","",""
"1468","49","2026-05-11T18:30:00.000Z","2026-05-12T06:55:29.430Z","2026-05-12T14:25:38.678Z","OUT","false","2026-06-02T05:34:45.849Z","2026-05-12T06:55:29.430Z","2026-05-12T14:25:38.678Z","LEGACY_B","LEGACY_B","","","","","","","","","","","","","Legacy DB B Import","","","","",""
"1469","64","2026-05-11T18:30:00.000Z","2026-05-12T01:14:56.045Z","2026-05-12T14:28:59.105Z","OUT","false","2026-06-02T05:34:45.935Z","2026-05-12T01:14:56.045Z","2026-05-12T07:30:00.104Z","LEGACY_B","LEGACY_B","","","","","","","","","","","","","Legacy DB B Import","","","","",""
"1470","42","2026-05-11T18:30:00.000Z","2026-05-12T02:42:05.404Z","2026-05-12T14:48:45.136Z","OUT","true","2026-06-02T05:34:46.012Z","2026-05-12T02:42:05.404Z","2026-05-12T14:48:45.136Z","LEGACY_B","LEGACY_B","","","","","","","","","","","","","Legacy DB B Import","","","","",""
"1471","65","2026-05-11T18:30:00.000Z","2026-05-12T02:18:03.908Z","2026-05-12T15:21:58.319Z","OUT","false","2026-06-02T05:34:46.087Z","2026-05-12T02:18:03.908Z","2026-05-12T15:21:58.319Z","LEGACY_B","LEGACY_B","","","","","","","","","","","","","Legacy DB B Import","","","","",""
"1472","57","2026-05-11T18:30:00.000Z","2026-05-12T01:41:06.327Z","2026-05-12T15:30:16.250Z","OUT","true","2026-06-02T05:34:46.161Z","2026-05-12T01:41:06.327Z","2026-05-12T04:03:14.424Z","LEGACY_B","LEGACY_B","","","","","","","","","","","","","Legacy DB B Import","","","","",""
"1473","59","2026-05-11T18:30:00.000Z","2026-05-12T04:45:23.881Z","2026-05-12T15:30:31.144Z","OUT","false","2026-06-02T05:34:46.237Z","2026-05-12T04:45:23.881Z","2026-05-12T15:30:31.144Z","LEGACY_B","LEGACY_B","","","","","","","","","","","","","Legacy DB B Import","","","","",""
"1474","60","2026-05-11T18:30:00.000Z","2026-05-12T10:03:35.594Z","2026-05-12T15:30:46.719Z","OUT","true","2026-06-02T05:34:46.312Z","2026-05-12T10:03:35.594Z","2026-05-12T15:30:46.719Z","LEGACY_B","LEGACY_B","","","","","","","","","","","","","Legacy DB B Import","","","","",""
"1475","40","2026-05-11T18:30:00.000Z","2026-05-12T01:22:30.276Z","2026-05-12T15:34:36.273Z","OUT","false","2026-06-02T05:34:46.388Z","2026-05-12T01:22:30.276Z","2026-05-12T02:41:47.094Z","LEGACY_B","LEGACY_B","","","","","","","","","","","","","Legacy DB B Import","","","","",""
"1476","50","2026-05-12T18:30:00.000Z","2026-05-13T04:16:26.314Z","2026-05-13T12:12:54.869Z","OUT","false","2026-06-02T05:34:46.472Z","2026-05-13T04:16:26.314Z","2026-05-13T12:12:54.869Z","LEGACY_B","HANUMANTHNAGAR","","","","","","","","","","","","","Legacy DB B Import","","","","",""
"1477","52","2026-05-12T18:30:00.000Z","2026-05-13T03:40:44.795Z","2026-05-13T14:16:11.888Z","OUT","true","2026-06-02T05:34:46.546Z","2026-05-13T03:40:44.795Z","2026-05-13T14:16:11.888Z","LEGACY_B","HANUMANTHNAGAR","","","","","","","","","","","","","Legacy DB B Import","","","","",""
"1479","64","2026-05-12T18:30:00.000Z","2026-05-13T00:57:14.245Z","2026-05-13T14:48:00.742Z","OUT","false","2026-06-02T05:34:46.695Z","2026-05-13T00:57:14.245Z","2026-05-13T07:34:50.154Z","LEGACY_B","LEGACY_B","","","","","","","","","","","","","Legacy DB B Import","","","","",""
"1480","59","2026-05-12T18:30:00.000Z","2026-05-13T03:57:54.899Z","2026-05-13T15:30:36.382Z","OUT","false","2026-06-02T05:34:46.773Z","2026-05-13T03:57:54.899Z","2026-05-13T15:30:36.382Z","LEGACY_B","HANUMANTHNAGAR","","","","","","","","","","","","","Legacy DB B Import","","","","",""
"1481","61","2026-05-12T18:30:00.000Z","2026-05-13T11:21:39.915Z","2026-05-13T15:30:39.814Z","OUT","true","2026-06-02T05:34:46.850Z","2026-05-13T11:21:39.915Z","2026-05-13T15:30:39.814Z","HANUMANTHNAGAR","HANUMANTHNAGAR","","","","","","","","","","","","","Legacy DB B Import","","","","",""
"1482","57","2026-05-12T18:30:00.000Z","2026-05-13T01:44:34.791Z","2026-05-13T15:30:41.915Z","OUT","true","2026-06-02T05:34:46.924Z","2026-05-13T01:44:34.791Z","2026-05-13T05:30:05.572Z","LEGACY_B","LEGACY_B","","","","","","","","","","","","","Legacy DB B Import","","","","",""
"1483","60","2026-05-12T18:30:00.000Z","2026-05-13T10:06:17.069Z","2026-05-13T15:30:56.979Z","OUT","true","2026-06-02T05:34:46.999Z","2026-05-13T10:06:17.069Z","2026-05-13T15:30:56.979Z","HANUMANTHNAGAR","HANUMANTHNAGAR","","","","","","","","","","","","","Legacy DB B Import","","","","",""
"1484","65","2026-05-12T18:30:00.000Z","2026-05-13T02:39:44.991Z","2026-05-13T15:31:12.100Z","OUT","true","2026-06-02T05:34:47.074Z","2026-05-13T02:39:44.991Z","2026-05-13T15:31:12.100Z","LEGACY_B","HANUMANTHNAGAR","","","","","","","","","","","","","Legacy DB B Import","","","","",""
"1485","67","2026-05-12T18:30:00.000Z","2026-05-13T02:44:24.595Z","2026-05-13T15:31:16.937Z","OUT","true","2026-06-02T05:34:47.160Z","2026-05-13T02:44:24.595Z","2026-05-13T06:26:47.410Z","LEGACY_B","LEGACY_B","","","","","","","","","","","","","Legacy DB B Import","","","","",""
"1486","56","2026-05-12T18:30:00.000Z","2026-05-13T02:29:28.308Z","2026-05-13T15:36:00.030Z","OUT","false","2026-06-02T05:34:47.235Z","2026-05-13T02:29:28.308Z","2026-05-13T07:09:29.544Z","LEGACY_B","LEGACY_B","","","","","","","","","","","","","Legacy DB B Import","","","","",""
"1487","40","2026-05-12T18:30:00.000Z","2026-05-13T01:33:36.720Z","2026-05-13T16:12:18.588Z","OUT","true","2026-06-02T05:34:47.311Z","2026-05-13T01:33:36.720Z","2026-05-13T07:23:03.542Z","LEGACY_B","LEGACY_B","","","","","","","","","","","","","Legacy DB B Import","","","","",""
"1489","65","2026-05-13T18:30:00.000Z","2026-05-14T04:09:06.499Z","2026-05-14T15:28:02.215Z","OUT","true","2026-06-02T05:34:47.463Z","2026-05-14T04:09:06.499Z","2026-05-14T15:28:02.215Z","HANUMANTHNAGAR","HANUMANTHNAGAR","","","","","","","","","","","","","Legacy DB B Import","","","","",""
"1490","56","2026-05-13T18:30:00.000Z","2026-05-14T02:39:56.003Z","2026-05-14T15:28:13.695Z","OUT","true","2026-06-02T05:34:47.538Z","2026-05-14T02:39:56.003Z","2026-05-14T07:17:05.222Z","HANUMANTHNAGAR","HANUMANTHNAGAR","","","","","","","","","","","","","Legacy DB B Import","","","","",""
"1491","57","2026-05-13T18:30:00.000Z","2026-05-14T01:53:02.858Z","2026-05-14T15:31:00.657Z","OUT","true","2026-06-02T05:34:47.614Z","2026-05-14T01:53:02.858Z","2026-05-14T05:37:22.281Z","HANUMANTHNAGAR","HANUMANTHNAGAR","","","","","","","","","","","","","Legacy DB B Import","","","","",""
"1492","62","2026-05-13T18:30:00.000Z","2026-05-14T01:46:55.041Z","2026-05-14T10:33:30.331Z","OUT","true","2026-06-02T05:34:47.690Z","2026-05-14T01:46:55.041Z","2026-05-14T10:33:30.331Z","HANUMANTHNAGAR","HANUMANTHNAGAR","","","","","","","","","","","","","Legacy DB B Import","","","","",""
"1493","40","2026-05-13T18:30:00.000Z","2026-05-14T01:28:24.379Z","2026-05-14T09:22:28.780Z","OUT","false","2026-06-02T05:34:47.767Z","2026-05-14T01:28:24.379Z","2026-05-14T09:22:28.780Z","HANUMANTHNAGAR","HANUMANTHNAGAR","","","","","","","","","","","","","Legacy DB B Import","","","","",""
"379","65","2026-05-14T18:30:00.000Z","2026-05-15T01:26:15.957Z","","IN","false","2026-05-15T03:50:00.485Z","2026-05-15T01:26:15.957Z","","HANUMANTHNAGAR","LEGACY_B","2026-05-15T09:34:20.642Z","2026-05-15T15:28:41.806Z","HNM","HNM, MOBILE","","","","","","","","","Legacy DB B Import","","","","",""
"1496","67","2026-05-13T18:30:00.000Z","2026-05-14T02:56:01.080Z","2026-05-14T15:28:21.060Z","OUT","true","2026-06-02T05:34:48.003Z","2026-05-14T02:56:01.080Z","2026-05-14T07:08:25.050Z","HANUMANTHNAGAR","HANUMANTHNAGAR","","","","","","","","","","","","","Legacy DB B Import","","","","",""
"1497","52","2026-05-13T18:30:00.000Z","2026-05-14T03:30:21.140Z","2026-05-14T12:41:55.909Z","OUT","true","2026-06-02T05:34:48.079Z","2026-05-14T03:30:21.140Z","2026-05-14T12:41:55.909Z","HANUMANTHNAGAR","HANUMANTHNAGAR","","","","","","","","","","","","","Legacy DB B Import","","","","",""
"1498","66","2026-05-13T18:30:00.000Z","2026-05-14T02:22:12.359Z","2026-05-14T14:30:03.123Z","OUT","false","2026-06-02T05:34:48.154Z","2026-05-14T02:22:12.359Z","2026-05-14T14:30:03.123Z","HANUMANTHNAGAR","HANUMANTHNAGAR","","","","","","","","","","","","","Legacy DB B Import","","","","",""
"1499","59","2026-05-13T18:30:00.000Z","2026-05-14T03:59:39.387Z","2026-05-14T15:30:19.180Z","OUT","false","2026-06-02T05:34:48.228Z","2026-05-14T03:59:39.387Z","2026-05-14T15:30:19.180Z","HANUMANTHNAGAR","HANUMANTHNAGAR","","","","","","","","","","","","","Legacy DB B Import","","","","",""
"1502","41","2026-05-12T18:30:00.000Z","2026-05-13T01:30:00.000Z","2026-05-13T14:31:27.754Z","OUT","false","2026-06-02T05:34:48.454Z","2026-05-13T01:30:00.000Z","2026-05-13T14:30:00.000Z","LEGACY_B","HANUMANTHNAGAR","","","","","","","","","","","","","Legacy DB B Import","","","","",""
"1505","60","2026-05-14T18:30:00.000Z","2026-05-15T10:12:30.053Z","2026-05-15T15:30:55.109Z","OUT","true","2026-06-02T05:34:48.679Z","2026-05-15T10:12:30.053Z","2026-05-15T15:30:55.109Z","HANUMANTHNAGAR","HANUMANTHNAGAR","","","","","","","","","","","","","Legacy DB B Import","","","","",""
"1507","61","2026-05-14T18:30:00.000Z","2026-05-15T14:12:21.944Z","2026-05-15T15:28:25.658Z","OUT","true","2026-06-02T05:34:48.830Z","2026-05-15T14:12:21.944Z","2026-05-15T15:28:25.658Z","HANUMANTHNAGAR","HANUMANTHNAGAR","","","","","","","","","","","","","Legacy DB B Import","","","","",""
"376","40","2026-05-14T18:30:00.000Z","2026-05-15T01:31:12.554Z","2026-05-15T15:28:38.748Z","OUT","true","2026-05-15T03:42:42.890Z","2026-05-15T01:31:12.554Z","2026-05-15T02:45:54.215Z","HANUMANTHNAGAR","HANUMANTHNAGAR","","","","","","","","","","","","","Legacy DB B Import","","","","",""
"425","56","2026-05-15T18:30:00.000Z","2026-05-16T02:51:14.768Z","","IN","true","2026-05-16T04:38:14.097Z","2026-05-16T02:51:14.768Z","","HANUMANTHNAGAR","LEGACY_B","2026-05-16T10:31:40.604Z","2026-05-16T15:31:07.241Z","HNM","HNM","","","","","","","","","Legacy DB B Import","","","","",""
"1283","71","2026-05-08T18:30:00.000Z","2026-05-09T02:29:37.197Z","2026-05-09T08:38:12.449Z","OUT","true","2026-06-02T05:34:31.683Z","2026-05-09T02:29:37.197Z","2026-05-09T08:38:12.449Z","LEGACY_A","LEGACY_A","","","","","","","","","","","","","Legacy DB A Import","","","","",""
"1365","63","2026-05-03T18:30:00.000Z","2026-05-04T01:30:09.900Z","2026-05-04T04:28:25.441Z","OUT","true","2026-06-02T05:34:38.009Z","2026-05-04T01:30:09.900Z","2026-05-04T04:28:25.441Z","LEGACY_B","LEGACY_B","","","","","","","","","","","","","Legacy DB B Import","","","","",""
"1433","63","2026-05-08T18:30:00.000Z","2026-05-09T01:30:10.134Z","2026-05-09T06:00:04.647Z","OUT","true","2026-06-02T05:34:43.163Z","2026-05-09T01:30:10.134Z","2026-05-09T06:00:04.647Z","LEGACY_B","LEGACY_B","","","","","","","","","","","","","Legacy DB B Import","","","","",""
"1488","63","2026-05-13T18:30:00.000Z","2026-05-14T01:33:09.273Z","2026-05-14T04:30:35.139Z","OUT","true","2026-06-02T05:34:47.387Z","2026-05-14T01:33:09.273Z","2026-05-14T04:30:35.139Z","HANUMANTHNAGAR","HANUMANTHNAGAR","","","","","","","","","","","","","Legacy DB B Import","","","","",""
"1514","82","2026-06-01T18:30:00.000Z","2026-06-02T01:45:00.000Z","2026-06-02T07:30:00.000Z","OUT","true","2026-06-02T06:41:38.568Z","2026-06-02T01:45:00.000Z","2026-06-02T07:30:00.000Z","HNM","","","","","","","","","","","","","","","FORGOT TO PUNCH OUT","","","",""
"493","58","2026-05-18T18:30:00.000Z","","","ABSENT","true","2026-05-19T01:34:15.398Z","","","JNR, MOBILE","JNR, MOBILE","","","JNR, MOBILE","JNR, MOBILE","","","JNR, MOBILE","JNR, MOBILE","","","","","","","","","",""
"1520","49","2026-05-18T18:30:00.000Z","","","ABSENT","false","2026-06-02T07:47:00.429Z","","","","","","","","","","","","","","","","","","","","","",""
"1144","40","2026-06-01T18:30:00.000Z","2026-06-02T01:31:18.136Z","2026-06-02T15:29:12.787Z","OUT","true","2026-06-02T01:31:18.141Z","2026-06-02T01:31:18.136Z","2026-06-02T02:41:42.887Z","HNM","HNM","2026-06-02T09:50:29.555Z","2026-06-02T15:29:12.787Z","HNM","HNM","","","","","","","","","","","","","",""
"1516","74","2026-06-01T18:30:00.000Z","2026-06-02T07:23:52.019Z","2026-06-02T15:45:58.709Z","OUT","true","2026-06-02T07:23:52.015Z","2026-06-02T07:23:52.019Z","2026-06-02T15:45:58.709Z","JNR","JNR","","","","","","","","","","","","","","","","","",""
"1162","55","2026-06-01T18:30:00.000Z","2026-06-02T04:14:27.387Z","2026-06-02T12:35:23.775Z","OUT","false","2026-06-02T04:14:27.394Z","2026-06-02T04:14:27.387Z","2026-06-02T12:35:23.775Z","JNR","JNR","","","","","","","","","","","","","","","","","",""
"1513","53","2026-06-01T18:30:00.000Z","2026-06-02T06:10:15.095Z","2026-06-02T14:32:33.483Z","OUT","true","2026-06-02T06:10:15.102Z","2026-06-02T14:32:07.244Z","2026-06-02T14:32:33.483Z","HNM","HNM","","","","","","","","","","","","","","","","","",""
"1515","49","2026-06-01T18:30:00.000Z","2026-06-02T06:59:27.011Z","2026-06-02T14:26:15.286Z","OUT","false","2026-06-02T06:59:27.017Z","2026-06-02T06:59:27.011Z","2026-06-02T14:26:15.286Z","HNM","HNM","","","","","","","","","","","","","","","","","",""
"1151","41","2026-06-01T18:30:00.000Z","2026-06-02T01:41:06.869Z","2026-06-02T14:27:57.190Z","OUT","true","2026-06-02T01:41:06.878Z","2026-06-02T01:41:06.869Z","2026-06-02T14:27:57.190Z","JNR","JNR","","","","","","","","","","","","","","","","","",""
"1139","64","2026-06-01T18:30:00.000Z","2026-06-02T01:16:23.413Z","2026-06-02T14:30:11.197Z","OUT","false","2026-06-02T01:16:23.418Z","2026-06-02T01:16:23.413Z","2026-06-02T07:31:10.402Z","HNM","HNM","2026-06-02T09:26:06.128Z","2026-06-02T14:30:11.197Z","HNM","HNM","","","","","","","","","","","","","",""
"1152","48","2026-06-01T18:30:00.000Z","2026-06-02T01:53:12.829Z","2026-06-02T14:30:34.814Z","OUT","true","2026-06-02T01:53:12.836Z","2026-06-02T01:53:12.829Z","2026-06-02T05:30:31.704Z","JNR","JNR","2026-06-02T10:04:00.319Z","2026-06-02T14:30:34.814Z","JNR","JNR","","","","","","","","","","","","","",""
"1530","72","2026-06-01T18:30:00.000Z","2026-06-02T10:35:00.729Z","2026-06-02T14:33:27.965Z","OUT","true","2026-06-02T10:35:00.725Z","2026-06-02T10:35:00.729Z","2026-06-02T14:33:27.965Z","JNR","JNR","","","","","","","","","","","","","","","","","",""
"1533","61","2026-06-01T18:30:00.000Z","2026-06-02T10:40:33.133Z","2026-06-02T15:29:55.730Z","OUT","true","2026-06-02T10:40:33.138Z","2026-06-02T10:40:33.133Z","2026-06-02T15:29:55.730Z","HNM","HNM","","","","","","","","","","","","","","","","","",""
"1528","60","2026-06-01T18:30:00.000Z","2026-06-02T10:04:33.491Z","2026-06-02T15:29:13.684Z","OUT","true","2026-06-02T10:04:33.496Z","2026-06-02T10:04:33.491Z","2026-06-02T15:29:13.684Z","HNM","HNM","","","","","","","","","","","","","","","","","",""
"1145","58","2026-06-01T18:30:00.000Z","2026-06-02T01:34:40.234Z","2026-06-02T15:44:33.361Z","OUT","true","2026-06-02T01:34:40.239Z","2026-06-02T01:34:40.234Z","2026-06-02T03:38:00.083Z","JNR","JNR","2026-06-02T05:09:04.398Z","2026-06-02T08:11:01.580Z","JNR","JNR","2026-06-02T10:38:40.709Z","2026-06-02T15:44:33.361Z","JNR","JNR","","","","","","","","","",""
"1571","74","2026-06-02T18:30:00.000Z","2026-06-03T07:59:06.121Z","2026-06-03T15:30:24.780Z","OUT","true","2026-06-03T07:59:06.128Z","2026-06-03T07:59:06.121Z","2026-06-03T15:30:24.780Z","JNR","JNR","","","","","","","","","","","","","","","","","",""
"1562","59","2026-06-02T18:30:00.000Z","2026-06-03T04:04:08.835Z","2026-06-03T15:33:11.744Z","OUT","false","2026-06-03T04:04:08.840Z","2026-06-03T04:04:08.835Z","2026-06-03T15:33:11.744Z","HNM","HNM","","","","","","","","","","","","","","","","","",""
"1545","57","2026-06-02T18:30:00.000Z","2026-06-03T01:40:34.378Z","2026-06-03T15:34:10.479Z","OUT","true","2026-06-03T01:40:34.383Z","2026-06-03T01:40:34.378Z","2026-06-03T04:04:41.763Z","HNM","HNM","2026-06-03T11:08:39.833Z","2026-06-03T15:34:10.479Z","HNM","HNM","","","","","","","","","","","","","",""
"1546","62","2026-06-02T18:30:00.000Z","2026-06-03T01:48:52.962Z","2026-06-03T10:33:06.170Z","OUT","true","2026-06-03T01:48:52.969Z","2026-06-03T01:48:52.962Z","2026-06-03T10:33:06.170Z","HNM","HNM","","","","","","","","","","","","","","","","","",""
"1536","58","2026-06-02T18:30:00.000Z","2026-06-03T01:21:38.739Z","2026-06-03T15:45:31.996Z","OUT","false","2026-06-03T01:21:38.734Z","2026-06-03T01:21:38.739Z","2026-06-03T03:50:24.114Z","JNR","JNR","2026-06-03T05:25:36.929Z","2026-06-03T08:34:00.817Z","JNR","JNR","2026-06-03T10:32:55.593Z","2026-06-03T15:45:31.996Z","JNR","JNR","","","","","","","","","",""
"1544","47","2026-06-02T18:30:00.000Z","2026-06-03T01:37:45.380Z","2026-06-03T11:30:45.299Z","OUT","true","2026-06-03T01:37:45.386Z","2026-06-03T01:37:45.380Z","2026-06-03T11:30:45.299Z","JNR","JNR","","","","","","","","","","","","","","","","","",""
"1555","54","2026-06-02T18:30:00.000Z","2026-06-03T03:11:27.748Z","2026-06-03T11:31:32.888Z","OUT","false","2026-06-03T03:11:27.753Z","2026-06-03T03:11:27.748Z","2026-06-03T11:31:32.888Z","JNR","JNR","","","","","","","","","","","","","","","","","",""
"1561","82","2026-06-02T18:30:00.000Z","2026-06-03T03:00:00.000Z","2026-06-03T08:30:00.000Z","OUT","true","2026-06-03T03:58:36.436Z","2026-06-03T03:00:00.000Z","2026-06-03T08:30:00.000Z","HNM","HNM","","","","","","","","","","","","","","still confused with salary and timings","","","",""
"1600","57","2026-06-03T18:30:00.000Z","2026-06-04T01:46:33.778Z","2026-06-04T14:30:13.127Z","OUT","true","2026-06-04T01:46:33.784Z","2026-06-04T01:46:33.778Z","2026-06-04T05:30:10.152Z","HNM","HNM","2026-06-04T10:13:23.600Z","2026-06-04T14:30:13.127Z","HNM","HNM","","","","","","","","","","","","","",""
"1587","81","2026-06-02T18:30:00.000Z","2026-06-03T11:58:12.961Z","","IN","false","2026-06-03T11:58:12.972Z","2026-06-03T11:58:12.961Z","","JNR","","","","","","","","","","","","","","","","","","",""
"1563","50","2026-06-02T18:30:00.000Z","2026-06-03T04:22:04.402Z","2026-06-03T12:01:48.770Z","OUT","false","2026-06-03T04:22:04.412Z","2026-06-03T04:22:04.402Z","2026-06-03T12:01:48.770Z","HNM","HNM","","","","","","","","","","","","","","","","","",""
"1543","63","2026-06-02T18:30:00.000Z","2026-06-03T01:31:53.229Z","2026-06-03T06:18:25.726Z","OUT","true","2026-06-03T01:31:53.234Z","2026-06-03T01:31:53.229Z","2026-06-03T06:18:25.726Z","HNM","HNM","","","","","","","","","","","","","","","","","",""
"1588","61","2026-06-02T18:30:00.000Z","2026-06-03T12:02:22.626Z","","IN","true","2026-06-03T12:02:22.630Z","2026-06-03T12:02:22.626Z","","HNM","","","","","","","","","","","","","","","","","","",""
"1564","55","2026-06-02T18:30:00.000Z","2026-06-03T04:22:51.259Z","2026-06-03T12:30:10.968Z","OUT","false","2026-06-03T04:22:51.269Z","2026-06-03T04:22:51.259Z","2026-06-03T12:30:10.968Z","JNR","JNR","","","","","","","","","","","","","","","","","",""
"1554","80","2026-06-02T18:30:00.000Z","2026-06-03T03:09:09.148Z","2026-06-03T12:32:24.724Z","OUT","true","2026-06-03T03:09:09.154Z","2026-06-03T03:09:09.148Z","2026-06-03T12:32:24.724Z","JNR","JNR","","","","","","","","","","","","","","","","","",""
"1558","52","2026-06-02T18:30:00.000Z","2026-06-03T03:51:34.319Z","2026-06-03T12:37:33.997Z","OUT","true","2026-06-03T03:51:34.324Z","2026-06-03T03:51:34.319Z","2026-06-03T12:37:33.997Z","HNM","HNM","","","","","","","","","","","","","","","","","",""
"1596","63","2026-06-03T18:30:00.000Z","2026-06-04T01:31:45.027Z","2026-06-04T06:04:20.706Z","OUT","true","2026-06-04T01:31:45.032Z","2026-06-04T01:31:45.027Z","2026-06-04T06:04:20.706Z","HNM","HNM","","","","","","","","","","","","","","","","","",""
"1559","43","2026-06-02T18:30:00.000Z","2026-06-03T03:51:54.829Z","2026-06-03T12:59:55.209Z","OUT","false","2026-06-03T03:51:54.831Z","2026-06-03T03:51:54.829Z","2026-06-03T12:59:55.209Z","JNR","JNR","","","","","","","","","","","","","","","","","",""
"1540","71","2026-06-02T18:30:00.000Z","2026-06-03T01:28:51.438Z","2026-06-03T08:41:17.471Z","OUT","false","2026-06-03T01:28:51.447Z","2026-06-03T01:28:51.438Z","2026-06-03T08:41:17.471Z","JNR","JNR","","","","","","","","","","","","","","","","","",""
"1557","75","2026-06-02T18:30:00.000Z","2026-06-03T03:18:05.688Z","2026-06-03T13:34:58.188Z","OUT","false","2026-06-03T03:18:05.695Z","2026-06-03T03:18:05.688Z","2026-06-03T13:34:58.188Z","JNR","JNR","","","","","","","","","","","","","","","","","",""
"1550","44","2026-06-02T18:30:00.000Z","2026-06-03T02:32:48.973Z","2026-06-03T10:01:10.784Z","OUT","true","2026-06-03T02:32:48.981Z","2026-06-03T02:32:48.973Z","2026-06-03T10:01:10.784Z","JNR","JNR","","","","","","","","","","","","","","","","","",""
"1569","49","2026-06-02T18:30:00.000Z","2026-06-03T07:02:01.469Z","2026-06-03T14:25:33.766Z","OUT","true","2026-06-03T07:02:01.477Z","2026-06-03T07:02:01.469Z","2026-06-03T14:25:33.766Z","JNR","JNR","","","","","","","","","","","","","","","","","",""
"1539","41","2026-06-02T18:30:00.000Z","2026-06-03T01:22:43.262Z","2026-06-03T14:28:31.182Z","OUT","false","2026-06-03T01:22:43.269Z","2026-06-03T01:22:43.262Z","2026-06-03T08:09:16.886Z","HNM","HNM","","","","","2026-06-03T10:01:07.462Z","2026-06-03T14:28:31.182Z","HNM","HNM","","","","","","","","","",""
"1535","64","2026-06-02T18:30:00.000Z","2026-06-03T00:39:45.199Z","2026-06-03T14:28:50.935Z","OUT","false","2026-06-03T00:39:45.207Z","2026-06-03T00:39:45.199Z","2026-06-03T09:22:40.673Z","HNM","HNM","2026-06-03T09:24:39.062Z","2026-06-03T14:28:50.935Z","HNM","HNM","","","","","","","","","","","","","",""
"1549","66","2026-06-02T18:30:00.000Z","2026-06-03T02:28:09.370Z","2026-06-03T14:30:01.565Z","OUT","false","2026-06-03T02:28:09.377Z","2026-06-03T02:28:09.370Z","2026-06-03T14:30:01.565Z","JNR","JNR","","","","","","","","","","","","","","","","","",""
"1542","51","2026-06-02T18:30:00.000Z","2026-06-03T01:31:39.658Z","2026-06-03T14:30:07.134Z","OUT","true","2026-06-03T01:31:39.668Z","2026-06-03T01:31:39.658Z","2026-06-03T02:34:18.519Z","JNR","JNR","2026-06-03T05:20:34.353Z","2026-06-03T14:30:07.134Z","JNR","JNR","","","","","","","","","","","","","",""
"1548","48","2026-06-02T18:30:00.000Z","2026-06-03T02:01:55.883Z","2026-06-03T14:30:11.074Z","OUT","true","2026-06-03T02:01:55.894Z","2026-06-03T02:01:55.883Z","2026-06-03T05:33:47.275Z","JNR","JNR","2026-06-03T10:01:03.157Z","2026-06-03T14:30:11.074Z","JNR","JNR","","","","","","","","","","","","","",""
"1581","72","2026-06-02T18:30:00.000Z","2026-06-03T10:25:15.433Z","2026-06-03T14:33:14.331Z","OUT","false","2026-06-03T10:25:15.442Z","2026-06-03T10:25:15.433Z","2026-06-03T14:33:14.331Z","JNR","JNR","","","","","","","","","","","","","","","","","",""
"1565","45","2026-06-02T18:30:00.000Z","2026-06-03T05:06:38.434Z","2026-06-03T14:36:39.596Z","OUT","false","2026-06-03T05:06:38.468Z","2026-06-03T05:06:38.434Z","2026-06-03T14:36:39.596Z","JNR","JNR","","","","","","","","","","","","","","","","","",""
"1551","42","2026-06-02T18:30:00.000Z","2026-06-03T02:41:41.718Z","2026-06-03T15:02:00.098Z","OUT","true","2026-06-03T02:41:41.729Z","2026-06-03T02:41:41.718Z","2026-06-03T10:07:57.077Z","HNM","JNR","2026-06-03T10:08:08.945Z","2026-06-03T15:02:00.098Z","JNR","JNR","","","","","","","","","","","","","",""
"1579","60","2026-06-02T18:30:00.000Z","2026-06-03T10:04:43.186Z","2026-06-03T15:29:01.529Z","OUT","true","2026-06-03T10:04:43.194Z","2026-06-03T10:04:43.186Z","2026-06-03T15:29:01.529Z","HNM","HNM","","","","","","","","","","","","","","","","","",""
"1553","67","2026-06-02T18:30:00.000Z","2026-06-03T03:00:52.646Z","2026-06-03T15:29:48.574Z","OUT","true","2026-06-03T03:00:52.655Z","2026-06-03T03:00:52.646Z","2026-06-03T06:56:37.093Z","HNM","HNM","2026-06-03T10:01:09.886Z","2026-06-03T15:29:48.574Z","HNM","HNM","","","","","","","","","","","","","",""
"1605","48","2026-06-03T18:30:00.000Z","2026-06-04T01:55:19.292Z","2026-06-04T05:30:03.691Z","IN","true","2026-06-04T01:55:19.300Z","2026-06-04T01:55:19.292Z","2026-06-04T05:30:03.691Z","JNR","JNR","2026-06-04T09:59:46.385Z","","JNR","","","","","","","","","","","","","","",""
"1541","40","2026-06-02T18:30:00.000Z","2026-06-03T01:30:03.116Z","2026-06-03T15:30:00.497Z","OUT","true","2026-06-03T01:30:03.121Z","2026-06-03T01:30:03.116Z","2026-06-03T02:35:13.814Z","HNM","HNM","2026-06-03T09:41:41.475Z","2026-06-03T15:30:00.497Z","HNM","HNM","","","","","","","","","","","","","",""
"1538","65","2026-06-02T18:30:00.000Z","2026-06-03T01:22:10.987Z","2026-06-03T15:30:08.635Z","OUT","false","2026-06-03T01:22:10.992Z","2026-06-03T01:22:10.987Z","2026-06-03T08:34:06.062Z","HNM","HNM","2026-06-03T08:58:55.618Z","2026-06-03T15:30:08.635Z","HNM","HNM","","","","","","","","","","","","","",""
"1552","56","2026-06-02T18:30:00.000Z","2026-06-03T02:42:19.491Z","2026-06-03T15:30:23.172Z","OUT","true","2026-06-03T02:42:19.502Z","2026-06-03T02:42:19.491Z","2026-06-03T07:03:55.315Z","HNM","HNM","2026-06-03T11:20:27.386Z","2026-06-03T15:30:23.172Z","HNM","HNM","","","","","","","","","","","","","",""
"1593","58","2026-06-03T18:30:00.000Z","2026-06-04T01:29:55.879Z","2026-06-04T15:38:16.712Z","OUT","false","2026-06-04T01:29:55.882Z","2026-06-04T01:29:55.879Z","2026-06-04T03:40:25.242Z","JNR","JNR","2026-06-04T04:46:06.114Z","2026-06-04T08:15:11.324Z","JNR","JNR","2026-06-04T10:29:10.824Z","2026-06-04T15:38:16.712Z","JNR","JNR","","","","","","","","","",""
"1609","80","2026-06-03T18:30:00.000Z","2026-06-04T02:55:48.707Z","","IN","true","2026-06-04T02:55:48.715Z","2026-06-04T02:55:48.707Z","","JNR","","","","","","","","","","","","","","","","","","",""
"1612","54","2026-06-03T18:30:00.000Z","2026-06-04T03:10:23.323Z","2026-06-04T11:30:21.453Z","OUT","false","2026-06-04T03:10:23.329Z","2026-06-04T03:10:23.323Z","2026-06-04T11:30:21.453Z","JNR","JNR","","","","","","","","","","","","","","","","","",""
"1591","40","2026-06-03T18:30:00.000Z","2026-06-04T01:27:37.422Z","2026-06-04T08:30:20.336Z","OUT","false","2026-06-04T01:27:37.426Z","2026-06-04T01:27:37.422Z","2026-06-04T08:30:20.336Z","HNM","HNM","","","","","","","","","","","","","","","","","",""
"1598","44","2026-06-03T18:30:00.000Z","2026-06-04T01:41:40.076Z","2026-06-04T10:00:09.158Z","OUT","true","2026-06-04T01:41:40.082Z","2026-06-04T01:41:40.076Z","2026-06-04T10:00:09.158Z","JNR","JNR","","","","","","","","","","","","","","","","","",""
"1637","61","2026-06-03T18:30:00.000Z","2026-06-04T10:30:00.000Z","2026-06-04T15:29:45.737Z","OUT","false","2026-06-04T12:32:18.758Z","2026-06-04T10:30:00.000Z","2026-06-04T15:29:45.737Z","HNM","HNM","","","","","","","","","","","","","","forgot to punch in on time so manually updated by KK","","","",""
"1599","41","2026-06-03T18:30:00.000Z","2026-06-04T01:43:18.353Z","2026-06-04T14:29:23.833Z","OUT","true","2026-06-04T01:43:18.359Z","2026-06-04T01:43:18.353Z","2026-06-04T14:29:23.833Z","JNR","JNR","","","","","","","","","","","","","","","","","",""
"1604","82","2026-06-03T18:30:00.000Z","2026-06-04T01:50:00.993Z","2026-06-04T07:31:08.666Z","OUT","true","2026-06-04T01:50:00.999Z","2026-06-04T01:50:00.993Z","2026-06-04T07:31:08.666Z","HNM","HNM","","","","","","","","","","","","","","","","","",""
"1625","81","2026-06-03T18:30:00.000Z","2026-06-04T07:35:40.681Z","","IN","false","2026-06-04T07:35:40.690Z","2026-06-04T07:35:40.681Z","","HNM","","","","","","","","","","","","","","","","","","",""
"1601","62","2026-06-03T18:30:00.000Z","2026-06-04T01:47:02.210Z","2026-06-04T09:32:17.569Z","OUT","true","2026-06-04T01:47:02.220Z","2026-06-04T01:47:02.210Z","2026-06-04T09:32:17.569Z","HNM","HNM","","","","","","","","","","","","","","","","","",""
"1615","43","2026-06-03T18:30:00.000Z","2026-06-04T03:55:01.913Z","2026-06-04T11:11:09.084Z","OUT","false","2026-06-04T03:55:01.922Z","2026-06-04T03:55:01.913Z","2026-06-04T11:11:09.084Z","JNR","JNR","","","","","","","","","","","","","","","","","",""
"1597","71","2026-06-03T18:30:00.000Z","2026-06-04T01:32:30.943Z","2026-06-04T08:44:13.909Z","OUT","true","2026-06-04T01:32:30.949Z","2026-06-04T01:32:30.943Z","2026-06-04T08:44:13.909Z","JNR","JNR","","","","","","","","","","","","","","","","","",""
"1608","56","2026-06-03T18:30:00.000Z","2026-06-04T02:44:51.511Z","2026-06-04T15:30:41.737Z","OUT","true","2026-06-04T02:44:51.519Z","2026-06-04T02:44:51.511Z","2026-06-04T07:18:02.036Z","HNM","HNM","2026-06-04T11:22:56.478Z","2026-06-04T15:30:41.737Z","HNM","HNM","","","","","","","","","","","","","",""
"1626","74","2026-06-03T18:30:00.000Z","2026-06-04T07:50:29.364Z","2026-06-04T15:44:45.430Z","OUT","true","2026-06-04T07:50:29.368Z","2026-06-04T15:44:40.451Z","2026-06-04T15:44:45.430Z","JNR","JNR","","","","","","","","","","","","","","","","","",""
"1631","60","2026-06-03T18:30:00.000Z","2026-06-04T10:09:52.833Z","2026-06-04T14:31:30.700Z","OUT","true","2026-06-04T10:09:52.840Z","2026-06-04T10:09:52.833Z","2026-06-04T14:31:30.700Z","JNR","JNR","","","","","","","","","","","","","","","","","",""
"1611","67","2026-06-03T18:30:00.000Z","2026-06-04T03:08:00.092Z","2026-06-04T15:30:47.330Z","OUT","true","2026-06-04T03:08:00.101Z","2026-06-04T03:08:00.092Z","2026-06-04T06:31:36.010Z","HNM","HNM","2026-06-04T10:01:16.288Z","2026-06-04T15:30:47.330Z","HNM","HNM","","","","","","","","","","","","","",""
"1617","50","2026-06-03T18:30:00.000Z","2026-06-04T04:37:27.460Z","2026-06-04T12:07:50.087Z","OUT","true","2026-06-04T04:37:27.468Z","2026-06-04T04:37:27.460Z","2026-06-04T12:07:50.087Z","JNR","JNR","","","","","","","","","","","","","","","","","",""
"1616","55","2026-06-03T18:30:00.000Z","2026-06-04T04:25:50.790Z","2026-06-04T12:33:52.120Z","OUT","false","2026-06-04T04:25:50.795Z","2026-06-04T04:25:50.790Z","2026-06-04T12:33:52.120Z","JNR","JNR","","","","","","","","","","","","","","","","","",""
"1613","52","2026-06-03T18:30:00.000Z","2026-06-04T03:28:38.397Z","2026-06-04T12:44:33.131Z","OUT","false","2026-06-04T03:28:38.405Z","2026-06-04T03:28:38.397Z","2026-06-04T12:44:33.131Z","HNM","HNM","","","","","","","","","","","","","","","","","",""
"1622","59","2026-06-03T18:30:00.000Z","2026-06-04T06:02:43.170Z","2026-06-04T15:30:08.295Z","OUT","true","2026-06-04T06:02:43.178Z","2026-06-04T06:02:43.170Z","2026-06-04T15:30:08.295Z","HNM","HNM","","","","","","","","","","","","","","","","","",""
"1614","75","2026-06-03T18:30:00.000Z","2026-06-04T03:37:44.650Z","2026-06-04T13:32:27.623Z","OUT","true","2026-06-04T03:37:44.656Z","2026-06-04T03:37:44.650Z","2026-06-04T13:32:27.623Z","JNR","JNR","","","","","","","","","","","","","","","","","",""
"1623","49","2026-06-03T18:30:00.000Z","2026-06-04T07:00:00.000Z","2026-06-04T14:26:27.933Z","OUT","false","2026-06-04T07:19:34.633Z","2026-06-04T07:00:00.000Z","2026-06-04T14:26:27.933Z","","JNR","","","","","","","","","","","","","","","","","",""
"1603","66","2026-06-03T18:30:00.000Z","2026-06-04T01:49:20.382Z","2026-06-04T14:30:02.177Z","OUT","false","2026-06-04T01:49:20.388Z","2026-06-04T01:49:20.382Z","2026-06-04T14:30:02.177Z","HNM","HNM","","","","","","","","","","","","","","","","","",""
"1589","64","2026-06-03T18:30:00.000Z","2026-06-04T00:34:14.596Z","2026-06-04T14:30:04.147Z","OUT","false","2026-06-04T00:34:14.771Z","2026-06-04T00:34:14.596Z","2026-06-04T07:43:31.857Z","HNM","HNM","2026-06-04T09:24:41.550Z","2026-06-04T14:30:04.147Z","HNM","HNM","","","","","","","","","","","","","",""
"1620","45","2026-06-03T18:30:00.000Z","2026-06-04T05:01:12.501Z","2026-06-04T14:41:05.702Z","OUT","false","2026-06-04T05:01:12.512Z","2026-06-04T05:01:12.501Z","2026-06-04T14:41:05.702Z","JNR","JNR","","","","","","","","","","","","","","","","","",""
"1633","72","2026-06-03T18:30:00.000Z","2026-06-04T10:16:07.475Z","2026-06-04T14:34:11.325Z","IN","true","2026-06-04T10:16:07.483Z","2026-06-04T14:34:11.331Z","2026-06-04T14:34:11.325Z","JNR","JNR","","","","","","","","","","","","","","","","","",""
"1610","53","2026-06-03T18:30:00.000Z","2026-06-04T02:56:07.877Z","2026-06-04T14:41:43.686Z","OUT","false","2026-06-04T02:56:07.885Z","2026-06-04T02:56:07.877Z","2026-06-04T14:41:43.686Z","HNM","HNM","","","","","","","","","","","","","","","","","",""
"1590","65","2026-06-03T18:30:00.000Z","2026-06-04T01:17:25.753Z","2026-06-04T15:30:37.480Z","OUT","false","2026-06-04T01:17:25.759Z","2026-06-04T01:17:25.753Z","2026-06-04T08:30:54.870Z","HNM","HNM","2026-06-04T09:24:28.815Z","2026-06-04T15:30:37.480Z","HNM","HNM","","","","","","","","","","","","","",""
"1595","51","2026-06-03T18:30:00.000Z","2026-06-04T01:30:34.330Z","2026-06-04T14:34:06.518Z","OUT","true","2026-06-04T01:30:34.338Z","2026-06-04T01:30:34.330Z","2026-06-04T02:36:21.273Z","JNR","JNR","2026-06-04T05:31:05.259Z","2026-06-04T14:34:06.518Z","JNR","JNR","","","","","","","","","","","","","",""
"1606","42","2026-06-03T18:30:00.000Z","2026-06-04T02:35:14.112Z","2026-06-04T15:33:54.205Z","OUT","true","2026-06-04T02:35:14.121Z","2026-06-04T02:35:14.112Z","2026-06-04T10:23:04.012Z","HNM","JNR","2026-06-04T10:23:11.232Z","2026-06-04T15:33:54.205Z","JNR","JNR","","","","","","","","","","","","","",""
"1655","82","2026-06-04T18:30:00.000Z","2026-06-05T01:50:02.481Z","2026-06-05T07:46:42.460Z","OUT","true","2026-06-05T01:50:02.467Z","2026-06-05T01:50:02.481Z","2026-06-05T07:46:42.460Z","HNM","HNM","","","","","","","","","","","","","","","","","",""
"1726","67","2026-06-05T18:30:00.000Z","2026-06-06T02:43:40.310Z","2026-06-06T06:39:34.864Z","OUT","true","2026-06-06T02:43:40.318Z","2026-06-06T02:43:40.310Z","2026-06-06T06:39:34.864Z","HNM","HNM","","","","","","","","","","","","","","","","","",""
"1692","45","2026-06-04T18:30:00.000Z","2026-06-05T05:20:52.915Z","2026-06-05T14:40:45.288Z","OUT","false","2026-06-05T05:20:52.922Z","2026-06-05T05:20:52.915Z","2026-06-05T14:40:45.288Z","JNR","JNR","","","","","","","","","","","","","","","","","",""
"1727","53","2026-06-05T18:30:00.000Z","2026-06-06T02:58:02.748Z","","IN","false","2026-06-06T02:58:02.757Z","2026-06-06T02:58:02.748Z","","HNM","","","","","","","","","","","","","","","","","","",""
"1671","53","2026-06-04T18:30:00.000Z","2026-06-05T04:13:04.805Z","2026-06-05T14:46:29.842Z","OUT","true","2026-06-05T04:13:04.811Z","2026-06-05T04:13:04.805Z","2026-06-05T14:46:29.842Z","HNM","HNM","","","","","","","","","","","","","","","","","",""
"1662","42","2026-06-04T18:30:00.000Z","2026-06-05T02:42:39.428Z","2026-06-05T15:19:20.403Z","OUT","true","2026-06-05T02:42:39.435Z","2026-06-05T02:42:39.428Z","2026-06-05T15:19:20.403Z","HNM","HNM","","","","","","","","","","","","","","","","","",""
"1704","60","2026-06-04T18:30:00.000Z","2026-06-05T10:05:45.002Z","2026-06-05T15:29:21.023Z","OUT","true","2026-06-05T10:05:45.012Z","2026-06-05T10:05:45.002Z","2026-06-05T15:29:21.023Z","HNM","HNM","","","","","","","","","","","","","","","","","",""
"1661","81","2026-06-04T18:30:00.000Z","2026-06-05T02:39:50.617Z","","IN","false","2026-06-05T02:39:50.628Z","2026-06-05T02:39:50.617Z","","JNR","","","","","","","","","","","","","","","","","","",""
"1696","74","2026-06-04T18:30:00.000Z","2026-06-05T07:58:53.698Z","2026-06-05T15:30:22.029Z","OUT","true","2026-06-05T07:58:53.698Z","2026-06-05T07:58:53.698Z","2026-06-05T15:30:22.029Z","JNR","JNR","","","","","","","","","","","","","","","","","",""
"1649","41","2026-06-04T18:30:00.000Z","2026-06-05T01:30:05.830Z","2026-06-05T15:30:32.054Z","OUT","true","2026-06-05T01:30:05.834Z","2026-06-05T01:30:05.830Z","2026-06-05T02:31:10.326Z","HNM","HNM","2026-06-05T04:42:31.529Z","2026-06-05T15:30:32.054Z","HNM","HNM","","","","","","","","","","","","","",""
"1648","63","2026-06-04T18:30:00.000Z","2026-06-05T01:29:24.904Z","2026-06-05T03:54:15.978Z","OUT","false","2026-06-05T01:29:24.910Z","2026-06-05T01:29:24.904Z","2026-06-05T03:54:15.978Z","HNM","HNM","","","","","","","","","","","","","","","","","",""
"1663","67","2026-06-04T18:30:00.000Z","2026-06-05T02:49:27.598Z","2026-06-05T15:30:44.547Z","OUT","true","2026-06-05T02:49:27.605Z","2026-06-05T02:49:27.598Z","2026-06-05T06:37:31.950Z","JNR","JNR","2026-06-05T10:11:18.864Z","2026-06-05T15:30:44.547Z","JNR","JNR","","","","","","","","","","","","","",""
"1728","42","2026-06-05T18:30:00.000Z","2026-06-06T02:59:40.210Z","","IN","true","2026-06-06T02:59:40.216Z","2026-06-06T02:59:40.210Z","","HNM","","","","","","","","","","","","","","","","","","",""
"1668","43","2026-06-04T18:30:00.000Z","2026-06-05T03:49:07.252Z","2026-06-05T08:34:22.581Z","OUT","false","2026-06-05T03:49:07.249Z","2026-06-05T03:49:07.252Z","2026-06-05T08:34:22.581Z","JNR","JNR","","","","","","","","","","","","","","","","","",""
"1650","71","2026-06-04T18:30:00.000Z","2026-06-05T01:30:23.832Z","2026-06-05T08:43:04.804Z","OUT","true","2026-06-05T01:30:23.836Z","2026-06-05T01:30:23.832Z","2026-06-05T08:43:04.804Z","JNR","JNR","","","","","","","","","","","","","","","","","",""
"1653","57","2026-06-04T18:30:00.000Z","2026-06-05T01:37:43.726Z","2026-06-05T15:30:44.727Z","OUT","true","2026-06-05T01:37:43.732Z","2026-06-05T01:37:43.726Z","2026-06-05T04:00:55.457Z","HNM","HNM","2026-06-05T08:50:55.944Z","2026-06-05T15:30:44.727Z","HNM","HNM","","","","","","","","","","","","","",""
"1730","80","2026-06-05T18:30:00.000Z","2026-06-06T03:05:58.878Z","","IN","true","2026-06-06T03:05:58.883Z","2026-06-06T03:05:58.878Z","","JNR","","","","","","","","","","","","","","","","","","",""
"1731","75","2026-06-05T18:30:00.000Z","2026-06-06T03:19:26.638Z","","IN","false","2026-06-06T03:19:26.645Z","2026-06-06T03:19:26.638Z","","JNR","","","","","","","","","","","","","","","","","","",""
"1652","44","2026-06-04T18:30:00.000Z","2026-06-05T01:37:19.743Z","2026-06-05T10:00:28.207Z","OUT","true","2026-06-05T01:37:19.748Z","2026-06-05T01:37:19.743Z","2026-06-05T10:00:28.207Z","JNR","JNR","","","","","","","","","","","","","","","","","",""
"1658","65","2026-06-04T18:30:00.000Z","2026-06-05T02:14:33.858Z","2026-06-05T15:31:06.493Z","OUT","false","2026-06-05T02:14:33.863Z","2026-06-05T02:14:33.858Z","2026-06-05T08:30:06.624Z","HNM","HNM","2026-06-05T09:27:00.283Z","2026-06-05T15:31:06.493Z","HNM","HNM","","","","","","","","","","","","","",""
"1670","59","2026-06-04T18:30:00.000Z","2026-06-05T04:09:31.272Z","2026-06-05T15:31:09.087Z","OUT","false","2026-06-05T04:09:31.279Z","2026-06-05T04:09:31.272Z","2026-06-05T15:31:09.087Z","HNM","HNM","","","","","","","","","","","","","","","","","",""
"1732","52","2026-06-05T18:30:00.000Z","2026-06-06T03:51:09.680Z","","IN","true","2026-06-06T03:51:09.690Z","2026-06-06T03:51:09.680Z","","HNM","","","","","","","","","","","","","","","","","","",""
"1694","56","2026-06-04T18:30:00.000Z","2026-06-05T05:44:52.090Z","2026-06-05T15:31:17.490Z","OUT","true","2026-06-05T05:44:52.097Z","2026-06-05T05:44:52.090Z","2026-06-05T15:31:17.490Z","HNM","HNM","","","","","","","","","","","","","","","","","",""
"1654","62","2026-06-04T18:30:00.000Z","2026-06-05T01:42:58.764Z","2026-06-05T10:31:38.173Z","OUT","true","2026-06-05T01:42:58.774Z","2026-06-05T01:42:58.764Z","2026-06-05T10:31:38.173Z","HNM","HNM","","","","","","","","","","","","","","","","","",""
"1713","58","2026-06-05T18:30:00.000Z","2026-06-06T01:31:18.277Z","2026-06-06T03:59:35.613Z","OUT","true","2026-06-06T01:31:18.284Z","2026-06-06T01:31:18.277Z","2026-06-06T03:59:35.613Z","JNR","JNR","","","","","","","","","","","","","","","","","",""
"1709","61","2026-06-04T18:30:00.000Z","2026-06-05T11:03:47.574Z","2026-06-05T15:31:30.538Z","OUT","true","2026-06-05T11:03:47.585Z","2026-06-05T11:03:47.574Z","2026-06-05T15:31:30.538Z","HNM","HNM","","","","","","","","","","","","","","","","","",""
"1643","58","2026-06-04T18:30:00.000Z","2026-06-05T01:20:51.614Z","2026-06-05T15:33:22.343Z","OUT","false","2026-06-05T01:20:51.704Z","2026-06-05T01:20:51.614Z","2026-06-05T03:48:32.811Z","JNR","JNR","2026-06-05T04:58:58.142Z","2026-06-05T08:19:40.626Z","JNR","JNR","2026-06-05T10:43:32.350Z","2026-06-05T15:33:22.343Z","JNR","JNR","","","","","","","","","",""
"1647","40","2026-06-04T18:30:00.000Z","2026-06-05T01:25:33.864Z","2026-06-05T15:36:46.118Z","OUT","false","2026-06-05T01:25:33.868Z","2026-06-05T01:25:33.864Z","2026-06-05T02:26:56.451Z","HNM","HNM","2026-06-05T09:52:45.037Z","2026-06-05T15:36:46.118Z","HNM","HNM","","","","","","","","","","","","","",""
"1664","54","2026-06-04T18:30:00.000Z","2026-06-05T02:55:22.428Z","2026-06-05T11:30:41.275Z","OUT","false","2026-06-05T02:55:22.432Z","2026-06-05T02:55:22.428Z","2026-06-05T11:30:41.275Z","JNR","JNR","","","","","","","","","","","","","","","","","",""
"1672","50","2026-06-04T18:30:00.000Z","2026-06-05T04:26:55.736Z","2026-06-05T12:04:29.785Z","OUT","false","2026-06-05T04:26:55.742Z","2026-06-05T04:26:55.736Z","2026-06-05T12:04:29.785Z","HNM","HNM","","","","","","","","","","","","","","","","","",""
"1691","55","2026-06-04T18:30:00.000Z","2026-06-05T05:02:34.633Z","2026-06-05T12:30:10.214Z","OUT","true","2026-06-05T05:02:34.638Z","2026-06-05T05:02:34.633Z","2026-06-05T12:30:10.214Z","JNR","JNR","","","","","","","","","","","","","","","","","",""
"1665","80","2026-06-04T18:30:00.000Z","2026-06-05T03:04:56.093Z","2026-06-05T12:37:53.907Z","OUT","true","2026-06-05T03:04:56.100Z","2026-06-05T03:04:56.093Z","2026-06-05T12:37:53.907Z","JNR","JNR","","","","","","","","","","","","","","","","","",""
"1667","75","2026-06-04T18:30:00.000Z","2026-06-05T03:30:13.245Z","2026-06-05T13:31:04.456Z","OUT","true","2026-06-05T03:30:13.299Z","2026-06-05T03:30:13.245Z","2026-06-05T13:31:04.456Z","JNR","JNR","","","","","","","","","","","","","","","","","",""
"1666","52","2026-06-04T18:30:00.000Z","2026-06-05T03:19:24.742Z","2026-06-05T14:22:39.690Z","OUT","false","2026-06-05T03:19:24.747Z","2026-06-05T03:19:24.742Z","2026-06-05T14:22:39.690Z","HNM","HNM","","","","","","","","","","","","","","","","","",""
"1695","49","2026-06-04T18:30:00.000Z","2026-06-05T06:59:30.693Z","2026-06-05T14:28:57.748Z","OUT","false","2026-06-05T06:59:30.700Z","2026-06-05T06:59:30.693Z","2026-06-05T14:28:57.748Z","HNM","HNM","","","","","","","","","","","","","","","","","",""
"1707","72","2026-06-04T18:30:00.000Z","2026-06-05T10:15:46.093Z","2026-06-05T14:30:05.346Z","OUT","false","2026-06-05T10:15:46.104Z","2026-06-05T10:15:46.093Z","2026-06-05T14:30:05.346Z","JNR","JNR","","","","","","","","","","","","","","","","","",""
"1651","51","2026-06-04T18:30:00.000Z","2026-06-05T01:34:12.255Z","2026-06-05T14:30:08.059Z","OUT","true","2026-06-05T01:34:12.259Z","2026-06-05T01:34:12.255Z","2026-06-05T02:37:54.014Z","JNR","JNR","2026-06-05T05:34:50.019Z","2026-06-05T14:30:08.059Z","JNR","JNR","","","","","","","","","","","","","",""
"1660","66","2026-06-04T18:30:00.000Z","2026-06-05T02:32:20.040Z","2026-06-05T14:31:17.985Z","OUT","true","2026-06-05T02:32:20.048Z","2026-06-05T02:32:20.040Z","2026-06-05T14:31:17.985Z","JNR","JNR","","","","","","","","","","","","","","","","","",""
"1657","48","2026-06-04T18:30:00.000Z","2026-06-05T01:53:35.527Z","2026-06-05T14:32:38.939Z","OUT","true","2026-06-05T01:53:35.531Z","2026-06-05T01:53:35.527Z","2026-06-05T10:03:37.292Z","JNR","JNR","2026-06-05T10:03:43.066Z","2026-06-05T14:32:38.939Z","JNR","JNR","","","","","","","","","","","","","",""
"1641","64","2026-06-04T18:30:00.000Z","2026-06-05T01:00:53.557Z","2026-06-05T14:39:41.819Z","OUT","false","2026-06-05T01:00:53.567Z","2026-06-05T01:00:53.557Z","2026-06-05T07:29:28.269Z","HNM","HNM","2026-06-05T09:20:26.340Z","2026-06-05T14:39:41.819Z","HNM","HNM","","","","","","","","","","","","","",""
"1733","55","2026-06-05T18:30:00.000Z","2026-06-06T04:15:57.045Z","","IN","false","2026-06-06T04:15:57.052Z","2026-06-06T04:15:57.045Z","","JNR","","","","","","","","","","","","","","","","","","",""
"1711","40","2026-06-05T18:30:00.000Z","2026-06-06T01:20:44.415Z","","IN","false","2026-06-06T01:20:44.421Z","2026-06-06T01:20:44.415Z","","HNM","","","","","","","","","","","","","","","","","","",""
"1712","44","2026-06-05T18:30:00.000Z","2026-06-06T01:29:09.497Z","","IN","false","2026-06-06T01:29:09.507Z","2026-06-06T01:29:09.497Z","","JNR","","","","","","","","","","","","","","","","","","",""
"1715","71","2026-06-05T18:30:00.000Z","2026-06-06T01:31:56.636Z","","IN","true","2026-06-06T01:31:56.643Z","2026-06-06T01:31:56.636Z","","JNR","","","","","","","","","","","","","","","","","","",""
"1717","62","2026-06-05T18:30:00.000Z","2026-06-06T01:43:33.366Z","","IN","true","2026-06-06T01:43:33.376Z","2026-06-06T01:43:33.366Z","","HNM","","","","","","","","","","","","","","","","","","",""
"1721","48","2026-06-05T18:30:00.000Z","2026-06-06T01:49:40.759Z","","IN","true","2026-06-06T01:49:40.766Z","2026-06-06T01:49:40.759Z","","JNR","","","","","","","","","","","","","","","","","","",""
"1722","41","2026-06-05T18:30:00.000Z","2026-06-06T02:08:11.718Z","","IN","true","2026-06-06T02:08:11.782Z","2026-06-06T02:08:11.718Z","","JNR","","","","","","","","","","","","","","","","","","",""
"1723","66","2026-06-05T18:30:00.000Z","2026-06-06T02:16:33.949Z","","IN","false","2026-06-06T02:16:33.957Z","2026-06-06T02:16:33.949Z","","HNM","","","","","","","","","","","","","","","","","","",""
"1724","65","2026-06-05T18:30:00.000Z","2026-06-06T02:22:56.062Z","","IN","false","2026-06-06T02:22:56.073Z","2026-06-06T02:22:56.062Z","","HNM","","","","","","","","","","","","","","","","","","",""
"1725","56","2026-06-05T18:30:00.000Z","2026-06-06T02:35:29.417Z","","IN","true","2026-06-06T02:35:29.426Z","2026-06-06T02:35:29.417Z","","HNM","","","","","","","","","","","","","","","","","","",""
"1735","59","2026-06-05T18:30:00.000Z","2026-06-06T05:28:15.148Z","","IN","false","2026-06-06T05:28:15.158Z","2026-06-06T05:28:15.148Z","","HNM","","","","","","","","","","","","","","","","","","",""
"1716","51","2026-06-05T18:30:00.000Z","2026-06-06T01:40:26.975Z","2026-06-06T02:36:43.369Z","IN","true","2026-06-06T01:40:26.988Z","2026-06-06T01:40:26.975Z","2026-06-06T02:36:43.369Z","JNR","JNR","2026-06-06T05:31:51.154Z","","JNR","","","","","","","","","","","","","","",""
"1734","60","2026-06-05T18:30:00.000Z","2026-06-06T04:21:08.359Z","2026-06-06T05:35:13.170Z","OUT","true","2026-06-06T04:21:08.367Z","2026-06-06T04:21:08.359Z","2026-06-06T05:35:13.170Z","JNR","JNR","","","","","","","","","","","","","","","","","",""
"1737","45","2026-06-05T18:30:00.000Z","2026-06-06T05:38:48.889Z","","IN","true","2026-06-06T05:38:48.901Z","2026-06-06T05:38:48.889Z","","JNR","","","","","","","","","","","","","","","","","","",""
"1714","63","2026-06-05T18:30:00.000Z","2026-06-06T01:31:22.602Z","2026-06-06T06:08:42.805Z","OUT","true","2026-06-06T01:31:22.608Z","2026-06-06T01:31:22.602Z","2026-06-06T06:08:42.805Z","HNM","HNM","","","","","","","","","","","","","","","","","",""
"1720","57","2026-06-05T18:30:00.000Z","2026-06-06T01:46:06.369Z","2026-06-06T06:15:04.775Z","OUT","true","2026-06-06T01:46:06.377Z","2026-06-06T01:46:06.369Z","2026-06-06T06:15:04.775Z","HNM","HNM","","","","","","","","","","","","","","","","","",""
"1729","54","2026-06-05T18:30:00.000Z","2026-06-06T03:05:23.970Z","2026-06-06T06:52:54.333Z","OUT","false","2026-06-06T03:05:23.979Z","2026-06-06T03:05:23.970Z","2026-06-06T06:52:54.333Z","JNR","JNR","","","","","","","","","","","","","","","","","",""
"1739","49","2026-06-05T18:30:00.000Z","2026-06-06T07:03:46.457Z","","IN","true","2026-06-06T07:03:46.468Z","2026-06-06T07:03:46.457Z","","JNR","","","","","","","","","","","","","","","","","","",""
"1710","64","2026-06-05T18:30:00.000Z","2026-06-06T00:59:11.324Z","2026-06-06T07:32:14.452Z","OUT","false","2026-06-06T00:59:11.405Z","2026-06-06T00:59:11.324Z","2026-06-06T07:32:14.452Z","HNM","HNM","","","","","","","","","","","","","","","","","",""
"1740","74","2026-06-05T18:30:00.000Z","2026-06-06T07:36:34.131Z","","IN","true","2026-06-06T07:36:34.134Z","2026-06-06T07:36:34.131Z","","JNR","","","","","","","","","","","","","","","","","","",""
"1718","82","2026-06-05T18:30:00.000Z","2026-06-06T01:44:56.151Z","2026-06-06T07:39:36.841Z","OUT","true","2026-06-06T01:44:56.154Z","2026-06-06T01:44:56.151Z","2026-06-06T07:39:36.841Z","HNM","HNM","","","","","","","","","","","","","","","","","",""
"1743","47","2026-06-05T18:30:00.000Z","2026-06-06T07:42:22.817Z","","IN","true","2026-06-06T07:42:22.825Z","2026-06-06T07:42:22.817Z","","JNR","","","","","","","","","","","","","","","","","","",""